reading_id,site_id,bin_id,device_id,batch_id,recorded_at,sequence,method,temperature_c,moisture_pct,oxygen_pct,co2_pct,nh3_relative,mq135_composite_ppm,stage_id,stage_name,days_until_ready,fault_codes
rdg-cmpiq-unram-esp32-01-0001,site-unram-pilot,bin-unram-takakura-01,cmpiq-unram-esp32-01,batch-2026-08-takakura-a,2026-08-18T00:00:00Z,1,takakura,30.85,65.09,14.33,0.6,0.011,59.65,0,Early Mesophilic,44,
rdg-cmpiq-unram-esp32-01-0002,site-unram-pilot,bin-unram-takakura-01,cmpiq-unram-esp32-01,batch-2026-08-takakura-a,2026-08-18T06:00:00Z,2,takakura,28.96,62.25,14.25,0.73,0.079,93.73,0,Early Mesophilic,44,
rdg-cmpiq-unram-esp32-01-0003,site-unram-pilot,bin-unram-takakura-01,cmpiq-unram-esp32-01,batch-2026-08-takakura-a,2026-08-18T12:00:00Z,3,takakura,35.34,59.4,12.7,0.97,0.12,114.99,0,Early Mesophilic,44,
rdg-cmpiq-unram-esp32-01-0004,site-unram-pilot,bin-unram-takakura-01,cmpiq-unram-esp32-01,batch-2026-08-takakura-a,2026-08-18T18:00:00Z,4,takakura,37.37,62.87,12.04,1.3,0.167,162.53,0,Early Mesophilic,44,
rdg-cmpiq-unram-esp32-01-0005,site-unram-pilot,bin-unram-takakura-01,cmpiq-unram-esp32-01,batch-2026-08-takakura-a,2026-08-19T00:00:00Z,5,takakura,38.15,60.29,10.69,1.62,0.212,144.25,0,Early Mesophilic,43,
rdg-cmpiq-unram-esp32-01-0006,site-unram-pilot,bin-unram-takakura-01,cmpiq-unram-esp32-01,batch-2026-08-takakura-a,2026-08-19T06:00:00Z,6,takakura,38.51,64.28,10.46,2.37,0.278,205.63,0,Early Mesophilic,43,
rdg-cmpiq-unram-esp32-01-0007,site-unram-pilot,bin-unram-takakura-01,cmpiq-unram-esp32-01,batch-2026-08-takakura-a,2026-08-19T12:00:00Z,7,takakura,41.37,57.6,8.57,2.93,0.196,175.27,0,Early Mesophilic,43,
rdg-cmpiq-unram-esp32-01-0008,site-unram-pilot,bin-unram-takakura-01,cmpiq-unram-esp32-01,batch-2026-08-takakura-a,2026-08-19T18:00:00Z,8,takakura,46.52,58.51,8.18,4.02,0.285,254.91,0,Early Mesophilic,43,
rdg-cmpiq-unram-esp32-01-0009,site-unram-pilot,bin-unram-takakura-01,cmpiq-unram-esp32-01,batch-2026-08-takakura-a,2026-08-20T00:00:00Z,9,takakura,44.21,59.25,8.39,2.35,0.269,234.15,1,Active Thermophilic,42,
rdg-cmpiq-unram-esp32-01-0010,site-unram-pilot,bin-unram-takakura-01,cmpiq-unram-esp32-01,batch-2026-08-takakura-a,2026-08-20T06:00:00Z,10,takakura,47.26,61.21,7.77,3.27,0.29,257.34,1,Active Thermophilic,42,
rdg-cmpiq-unram-esp32-01-0011,site-unram-pilot,bin-unram-takakura-01,cmpiq-unram-esp32-01,batch-2026-08-takakura-a,2026-08-20T12:00:00Z,11,takakura,45.68,62.68,7.73,3.67,0.324,264.0,1,Active Thermophilic,42,
rdg-cmpiq-unram-esp32-01-0012,site-unram-pilot,bin-unram-takakura-01,cmpiq-unram-esp32-01,batch-2026-08-takakura-a,2026-08-20T18:00:00Z,12,takakura,47.51,56.85,7.78,3.38,0.475,325.71,1,Active Thermophilic,42,
rdg-cmpiq-unram-esp32-01-0013,site-unram-pilot,bin-unram-takakura-01,cmpiq-unram-esp32-01,batch-2026-08-takakura-a,2026-08-21T00:00:00Z,13,takakura,49.63,56.56,7.4,3.51,0.444,319.16,1,Active Thermophilic,41,
rdg-cmpiq-unram-esp32-01-0014,site-unram-pilot,bin-unram-takakura-01,cmpiq-unram-esp32-01,batch-2026-08-takakura-a,2026-08-21T06:00:00Z,14,takakura,54.05,59.11,4.89,4.24,0.516,359.9,1,Active Thermophilic,41,
rdg-cmpiq-unram-esp32-01-0015,site-unram-pilot,bin-unram-takakura-01,cmpiq-unram-esp32-01,batch-2026-08-takakura-a,2026-08-21T12:00:00Z,15,takakura,53.65,55.46,5.53,4.26,0.444,308.17,1,Active Thermophilic,41,
rdg-cmpiq-unram-esp32-01-0016,site-unram-pilot,bin-unram-takakura-01,cmpiq-unram-esp32-01,batch-2026-08-takakura-a,2026-08-21T18:00:00Z,16,takakura,55.29,56.96,6.01,5.08,0.483,375.23,1,Active Thermophilic,41,
rdg-cmpiq-unram-esp32-01-0017,site-unram-pilot,bin-unram-takakura-01,cmpiq-unram-esp32-01,batch-2026-08-takakura-a,2026-08-22T00:00:00Z,17,takakura,54.98,54.74,5.63,4.86,0.622,372.6,1,Active Thermophilic,40,
rdg-cmpiq-unram-esp32-01-0018,site-unram-pilot,bin-unram-takakura-01,cmpiq-unram-esp32-01,batch-2026-08-takakura-a,2026-08-22T06:00:00Z,18,takakura,57.34,56.1,5.89,5.92,0.591,446.68,1,Active Thermophilic,40,
rdg-cmpiq-unram-esp32-01-0019,site-unram-pilot,bin-unram-takakura-01,cmpiq-unram-esp32-01,batch-2026-08-takakura-a,2026-08-22T12:00:00Z,19,takakura,61.51,56.47,4.69,5.72,0.702,454.74,1,Active Thermophilic,40,
rdg-cmpiq-unram-esp32-01-0020,site-unram-pilot,bin-unram-takakura-01,cmpiq-unram-esp32-01,batch-2026-08-takakura-a,2026-08-22T18:00:00Z,20,takakura,61.53,55.12,4.62,5.71,0.667,444.93,1,Active Thermophilic,40,
rdg-cmpiq-unram-esp32-01-0021,site-unram-pilot,bin-unram-takakura-01,cmpiq-unram-esp32-01,batch-2026-08-takakura-a,2026-08-23T00:00:00Z,21,takakura,56.81,57.71,5.08,5.35,0.63,437.34,2,Peak Decomposition,39,
rdg-cmpiq-unram-esp32-01-0022,site-unram-pilot,bin-unram-takakura-01,cmpiq-unram-esp32-01,batch-2026-08-takakura-a,2026-08-23T06:00:00Z,22,takakura,57.39,57.75,6.58,6.19,0.671,466.36,2,Peak Decomposition,39,
rdg-cmpiq-unram-esp32-01-0023,site-unram-pilot,bin-unram-takakura-01,cmpiq-unram-esp32-01,batch-2026-08-takakura-a,2026-08-23T12:00:00Z,23,takakura,57.33,56.98,5.7,7.02,0.784,515.79,2,Peak Decomposition,39,
rdg-cmpiq-unram-esp32-01-0024,site-unram-pilot,bin-unram-takakura-01,cmpiq-unram-esp32-01,batch-2026-08-takakura-a,2026-08-23T18:00:00Z,24,takakura,58.91,55.12,4.49,6.98,0.724,504.63,2,Peak Decomposition,39,
rdg-cmpiq-unram-esp32-01-0025,site-unram-pilot,bin-unram-takakura-01,cmpiq-unram-esp32-01,batch-2026-08-takakura-a,2026-08-24T00:00:00Z,25,takakura,59.91,55.38,3.85,7.28,0.65,479.41,2,Peak Decomposition,38,
rdg-cmpiq-unram-esp32-01-0026,site-unram-pilot,bin-unram-takakura-01,cmpiq-unram-esp32-01,batch-2026-08-takakura-a,2026-08-24T06:00:00Z,26,takakura,59.86,56.76,3.75,7.04,0.743,513.06,2,Peak Decomposition,38,
rdg-cmpiq-unram-esp32-01-0027,site-unram-pilot,bin-unram-takakura-01,cmpiq-unram-esp32-01,batch-2026-08-takakura-a,2026-08-24T12:00:00Z,27,takakura,57.8,54.53,3.77,7.36,0.771,519.15,2,Peak Decomposition,38,
rdg-cmpiq-unram-esp32-01-0028,site-unram-pilot,bin-unram-takakura-01,cmpiq-unram-esp32-01,batch-2026-08-takakura-a,2026-08-24T18:00:00Z,28,takakura,61.97,57.37,4.36,7.69,0.831,578.97,2,Peak Decomposition,38,
rdg-cmpiq-unram-esp32-01-0029,site-unram-pilot,bin-unram-takakura-01,cmpiq-unram-esp32-01,batch-2026-08-takakura-a,2026-08-25T00:00:00Z,29,takakura,59.29,55.66,3.79,7.98,0.813,567.79,2,Peak Decomposition,37,
rdg-cmpiq-unram-esp32-01-0030,site-unram-pilot,bin-unram-takakura-01,cmpiq-unram-esp32-01,batch-2026-08-takakura-a,2026-08-25T06:00:00Z,30,takakura,61.52,54.29,3.83,7.84,0.885,594.59,2,Peak Decomposition,37,
rdg-cmpiq-unram-esp32-01-0031,site-unram-pilot,bin-unram-takakura-01,cmpiq-unram-esp32-01,batch-2026-08-takakura-a,2026-08-25T12:00:00Z,31,takakura,61.03,55.45,2.54,8.51,0.917,612.27,2,Peak Decomposition,37,
rdg-cmpiq-unram-esp32-01-0032,site-unram-pilot,bin-unram-takakura-01,cmpiq-unram-esp32-01,batch-2026-08-takakura-a,2026-08-25T18:00:00Z,32,takakura,61.98,55.0,3.75,8.05,0.915,579.72,2,Peak Decomposition,37,
rdg-cmpiq-unram-esp32-01-0033,site-unram-pilot,bin-unram-takakura-01,cmpiq-unram-esp32-01,batch-2026-08-takakura-a,2026-08-26T00:00:00Z,33,takakura,61.58,52.46,3.26,8.61,0.889,602.15,2,Peak Decomposition,36,
rdg-cmpiq-unram-esp32-01-0034,site-unram-pilot,bin-unram-takakura-01,cmpiq-unram-esp32-01,batch-2026-08-takakura-a,2026-08-26T06:00:00Z,34,takakura,60.57,52.65,4.1,8.61,0.825,604.07,2,Peak Decomposition,36,
rdg-cmpiq-unram-esp32-01-0035,site-unram-pilot,bin-unram-takakura-01,cmpiq-unram-esp32-01,batch-2026-08-takakura-a,2026-08-26T12:00:00Z,35,takakura,59.97,52.21,3.08,8.03,0.907,579.95,2,Peak Decomposition,36,
rdg-cmpiq-unram-esp32-01-0036,site-unram-pilot,bin-unram-takakura-01,cmpiq-unram-esp32-01,batch-2026-08-takakura-a,2026-08-26T18:00:00Z,36,takakura,63.86,52.73,2.42,8.63,0.956,656.05,2,Peak Decomposition,36,
rdg-cmpiq-unram-esp32-01-0037,site-unram-pilot,bin-unram-takakura-01,cmpiq-unram-esp32-01,batch-2026-08-takakura-a,2026-08-27T00:00:00Z,37,takakura,62.44,51.62,3.54,9.18,0.93,611.4,2,Peak Decomposition,35,
rdg-cmpiq-unram-esp32-01-0038,site-unram-pilot,bin-unram-takakura-01,cmpiq-unram-esp32-01,batch-2026-08-takakura-a,2026-08-27T06:00:00Z,38,takakura,64.36,50.52,2.04,9.5,1.0,662.37,2,Peak Decomposition,35,
rdg-cmpiq-unram-esp32-01-0039,site-unram-pilot,bin-unram-takakura-01,cmpiq-unram-esp32-01,batch-2026-08-takakura-a,2026-08-27T12:00:00Z,39,takakura,66.07,46.45,1.81,9.71,1.0,676.71,2,Peak Decomposition,35,
rdg-cmpiq-unram-esp32-01-0040,site-unram-pilot,bin-unram-takakura-01,cmpiq-unram-esp32-01,batch-2026-08-takakura-a,2026-08-27T18:00:00Z,40,takakura,66.26,49.09,1.15,10.07,1.0,730.08,2,Peak Decomposition,35,
rdg-cmpiq-unram-esp32-01-0041,site-unram-pilot,bin-unram-takakura-01,cmpiq-unram-esp32-01,batch-2026-08-takakura-a,2026-08-28T00:00:00Z,41,takakura,58.02,55.55,12.0,1.6,0.583,262.03,3,Cooling,34,
rdg-cmpiq-unram-esp32-01-0042,site-unram-pilot,bin-unram-takakura-01,cmpiq-unram-esp32-01,batch-2026-08-takakura-a,2026-08-28T06:00:00Z,42,takakura,59.44,54.79,11.23,1.85,0.655,308.43,3,Cooling,34,
rdg-cmpiq-unram-esp32-01-0043,site-unram-pilot,bin-unram-takakura-01,cmpiq-unram-esp32-01,batch-2026-08-takakura-a,2026-08-28T12:00:00Z,43,takakura,58.52,54.7,11.27,2.38,0.535,264.14,3,Cooling,34,
rdg-cmpiq-unram-esp32-01-0044,site-unram-pilot,bin-unram-takakura-01,cmpiq-unram-esp32-01,batch-2026-08-takakura-a,2026-08-28T18:00:00Z,44,takakura,57.55,52.28,11.07,2.07,0.574,296.52,3,Cooling,34,
rdg-cmpiq-unram-esp32-01-0045,site-unram-pilot,bin-unram-takakura-01,cmpiq-unram-esp32-01,batch-2026-08-takakura-a,2026-08-29T00:00:00Z,45,takakura,56.13,52.83,10.38,2.78,0.593,339.53,3,Cooling,33,
rdg-cmpiq-unram-esp32-01-0046,site-unram-pilot,bin-unram-takakura-01,cmpiq-unram-esp32-01,batch-2026-08-takakura-a,2026-08-29T06:00:00Z,46,takakura,54.86,51.54,11.34,3.14,0.52,307.1,3,Cooling,33,
rdg-cmpiq-unram-esp32-01-0047,site-unram-pilot,bin-unram-takakura-01,cmpiq-unram-esp32-01,batch-2026-08-takakura-a,2026-08-29T12:00:00Z,47,takakura,56.52,48.95,10.9,2.76,0.531,318.43,3,Cooling,33,
rdg-cmpiq-unram-esp32-01-0048,site-unram-pilot,bin-unram-takakura-01,cmpiq-unram-esp32-01,batch-2026-08-takakura-a,2026-08-29T18:00:00Z,48,takakura,54.73,54.51,11.48,2.62,0.482,256.81,3,Cooling,33,
rdg-cmpiq-unram-esp32-01-0049,site-unram-pilot,bin-unram-takakura-01,cmpiq-unram-esp32-01,batch-2026-08-takakura-a,2026-08-30T00:00:00Z,49,takakura,53.27,52.2,10.09,3.74,0.48,325.42,3,Cooling,32,
rdg-cmpiq-unram-esp32-01-0050,site-unram-pilot,bin-unram-takakura-01,cmpiq-unram-esp32-01,batch-2026-08-takakura-a,2026-08-30T06:00:00Z,50,takakura,51.25,52.69,10.83,2.9,0.505,277.13,3,Cooling,32,
rdg-cmpiq-unram-esp32-01-0051,site-unram-pilot,bin-unram-takakura-01,cmpiq-unram-esp32-01,batch-2026-08-takakura-a,2026-08-30T12:00:00Z,51,takakura,48.2,53.71,9.91,3.32,0.427,310.06,3,Cooling,32,
rdg-cmpiq-unram-esp32-01-0052,site-unram-pilot,bin-unram-takakura-01,cmpiq-unram-esp32-01,batch-2026-08-takakura-a,2026-08-30T18:00:00Z,52,takakura,50.36,50.99,9.34,3.46,0.428,279.14,3,Cooling,32,
rdg-cmpiq-unram-esp32-01-0053,site-unram-pilot,bin-unram-takakura-01,cmpiq-unram-esp32-01,batch-2026-08-takakura-a,2026-08-31T00:00:00Z,53,takakura,48.38,51.12,9.75,3.27,0.455,296.22,3,Cooling,31,
rdg-cmpiq-unram-esp32-01-0054,site-unram-pilot,bin-unram-takakura-01,cmpiq-unram-esp32-01,batch-2026-08-takakura-a,2026-08-31T06:00:00Z,54,takakura,49.27,48.93,8.72,3.76,0.452,330.28,3,Cooling,31,
rdg-cmpiq-unram-esp32-01-0055,site-unram-pilot,bin-unram-takakura-01,cmpiq-unram-esp32-01,batch-2026-08-takakura-a,2026-08-31T12:00:00Z,55,takakura,49.13,47.63,8.5,3.75,0.37,279.99,3,Cooling,31,
rdg-cmpiq-unram-esp32-01-0056,site-unram-pilot,bin-unram-takakura-01,cmpiq-unram-esp32-01,batch-2026-08-takakura-a,2026-08-31T18:00:00Z,56,takakura,46.17,55.76,8.54,3.8,0.428,313.59,3,Cooling,31,
rdg-cmpiq-unram-esp32-01-0057,site-unram-pilot,bin-unram-takakura-01,cmpiq-unram-esp32-01,batch-2026-08-takakura-a,2026-09-01T00:00:00Z,57,takakura,45.56,48.83,8.74,3.54,0.426,286.66,3,Cooling,30,
rdg-cmpiq-unram-esp32-01-0058,site-unram-pilot,bin-unram-takakura-01,cmpiq-unram-esp32-01,batch-2026-08-takakura-a,2026-09-01T06:00:00Z,58,takakura,43.24,46.59,7.87,4.27,0.362,301.66,3,Cooling,30,
rdg-cmpiq-unram-esp32-01-0059,site-unram-pilot,bin-unram-takakura-01,cmpiq-unram-esp32-01,batch-2026-08-takakura-a,2026-09-01T12:00:00Z,59,takakura,43.58,48.15,7.34,4.33,0.348,326.34,3,Cooling,30,
rdg-cmpiq-unram-esp32-01-0060,site-unram-pilot,bin-unram-takakura-01,cmpiq-unram-esp32-01,batch-2026-08-takakura-a,2026-09-01T18:00:00Z,60,takakura,42.25,51.44,6.86,3.99,0.374,318.55,3,Cooling,30,
rdg-cmpiq-unram-esp32-01-0061,site-unram-pilot,bin-unram-takakura-01,cmpiq-unram-esp32-01,batch-2026-08-takakura-a,2026-09-02T00:00:00Z,61,takakura,40.3,47.93,6.45,4.47,0.292,358.97,3,Cooling,29,
rdg-cmpiq-unram-esp32-01-0062,site-unram-pilot,bin-unram-takakura-01,cmpiq-unram-esp32-01,batch-2026-08-takakura-a,2026-09-02T06:00:00Z,62,takakura,37.47,51.17,7.59,4.4,0.363,317.4,3,Cooling,29,
rdg-cmpiq-unram-esp32-01-0063,site-unram-pilot,bin-unram-takakura-01,cmpiq-unram-esp32-01,batch-2026-08-takakura-a,2026-09-02T12:00:00Z,63,takakura,38.82,48.57,7.33,4.99,0.368,344.36,3,Cooling,29,
rdg-cmpiq-unram-esp32-01-0064,site-unram-pilot,bin-unram-takakura-01,cmpiq-unram-esp32-01,batch-2026-08-takakura-a,2026-09-02T18:00:00Z,64,takakura,37.62,49.31,6.65,4.9,0.375,349.35,3,Cooling,29,
rdg-cmpiq-unram-esp32-01-0065,site-unram-pilot,bin-unram-takakura-01,cmpiq-unram-esp32-01,batch-2026-08-takakura-a,2026-09-03T00:00:00Z,65,takakura,35.54,44.91,6.93,5.33,0.286,328.77,3,Cooling,28,
rdg-cmpiq-unram-esp32-01-0066,site-unram-pilot,bin-unram-takakura-01,cmpiq-unram-esp32-01,batch-2026-08-takakura-a,2026-09-03T06:00:00Z,66,takakura,36.37,45.65,6.24,5.17,0.303,315.09,3,Cooling,28,
rdg-cmpiq-unram-esp32-01-0067,site-unram-pilot,bin-unram-takakura-01,cmpiq-unram-esp32-01,batch-2026-08-takakura-a,2026-09-03T12:00:00Z,67,takakura,34.73,46.79,5.53,4.89,0.279,315.91,3,Cooling,28,
rdg-cmpiq-unram-esp32-01-0068,site-unram-pilot,bin-unram-takakura-01,cmpiq-unram-esp32-01,batch-2026-08-takakura-a,2026-09-03T18:00:00Z,68,takakura,31.09,46.81,5.73,6.07,0.201,334.29,3,Cooling,28,
rdg-cmpiq-unram-esp32-01-0069,site-unram-pilot,bin-unram-takakura-01,cmpiq-unram-esp32-01,batch-2026-08-takakura-a,2026-09-04T00:00:00Z,69,takakura,33.54,45.95,6.13,5.54,0.238,341.65,3,Cooling,27,
rdg-cmpiq-unram-esp32-01-0070,site-unram-pilot,bin-unram-takakura-01,cmpiq-unram-esp32-01,batch-2026-08-takakura-a,2026-09-04T06:00:00Z,70,takakura,33.21,44.9,4.91,5.38,0.226,312.5,3,Cooling,27,
rdg-cmpiq-unram-esp32-01-0071,site-unram-pilot,bin-unram-takakura-01,cmpiq-unram-esp32-01,batch-2026-08-takakura-a,2026-09-04T12:00:00Z,71,takakura,29.72,45.68,5.22,6.58,0.2,351.34,3,Cooling,27,
rdg-cmpiq-unram-esp32-01-0072,site-unram-pilot,bin-unram-takakura-01,cmpiq-unram-esp32-01,batch-2026-08-takakura-a,2026-09-04T18:00:00Z,72,takakura,30.19,44.61,5.38,6.08,0.247,342.85,3,Cooling,27,
rdg-cmpiq-unram-esp32-01-0073,site-unram-pilot,bin-unram-takakura-01,cmpiq-unram-esp32-01,batch-2026-08-takakura-a,2026-09-05T00:00:00Z,73,takakura,30.59,50.41,21.0,0.4,0.101,97.23,4,Maturation,26,
rdg-cmpiq-unram-esp32-01-0074,site-unram-pilot,bin-unram-takakura-01,cmpiq-unram-esp32-01,batch-2026-08-takakura-a,2026-09-05T06:00:00Z,74,takakura,31.84,49.06,20.12,0.32,0.148,81.89,4,Maturation,26,
rdg-cmpiq-unram-esp32-01-0075,site-unram-pilot,bin-unram-takakura-01,cmpiq-unram-esp32-01,batch-2026-08-takakura-a,2026-09-05T12:00:00Z,75,takakura,32.97,53.85,20.3,0.32,0.141,106.69,4,Maturation,26,
rdg-cmpiq-unram-esp32-01-0076,site-unram-pilot,bin-unram-takakura-01,cmpiq-unram-esp32-01,batch-2026-08-takakura-a,2026-09-05T18:00:00Z,76,takakura,29.25,49.87,19.62,0.16,0.112,80.58,4,Maturation,26,
rdg-cmpiq-unram-esp32-01-0077,site-unram-pilot,bin-unram-takakura-01,cmpiq-unram-esp32-01,batch-2026-08-takakura-a,2026-09-06T00:00:00Z,77,takakura,31.8,51.31,19.62,0.34,0.122,106.94,4,Maturation,25,
rdg-cmpiq-unram-esp32-01-0078,site-unram-pilot,bin-unram-takakura-01,cmpiq-unram-esp32-01,batch-2026-08-takakura-a,2026-09-06T06:00:00Z,78,takakura,32.4,49.84,19.23,0.78,0.196,132.64,4,Maturation,25,
rdg-cmpiq-unram-esp32-01-0079,site-unram-pilot,bin-unram-takakura-01,cmpiq-unram-esp32-01,batch-2026-08-takakura-a,2026-09-06T12:00:00Z,79,takakura,32.2,45.72,19.38,0.47,0.112,86.46,4,Maturation,25,
rdg-cmpiq-unram-esp32-01-0080,site-unram-pilot,bin-unram-takakura-01,cmpiq-unram-esp32-01,batch-2026-08-takakura-a,2026-09-06T18:00:00Z,80,takakura,32.89,49.11,17.43,0.55,0.186,111.28,4,Maturation,25,
rdg-cmpiq-unram-esp32-01-0081,site-unram-pilot,bin-unram-takakura-01,cmpiq-unram-esp32-01,batch-2026-08-takakura-a,2026-09-07T00:00:00Z,81,takakura,31.61,48.42,20.47,1.49,0.175,137.48,4,Maturation,24,
rdg-cmpiq-unram-esp32-01-0082,site-unram-pilot,bin-unram-takakura-01,cmpiq-unram-esp32-01,batch-2026-08-takakura-a,2026-09-07T06:00:00Z,82,takakura,32.0,47.09,18.86,0.9,0.11,89.67,4,Maturation,24,
rdg-cmpiq-unram-esp32-01-0083,site-unram-pilot,bin-unram-takakura-01,cmpiq-unram-esp32-01,batch-2026-08-takakura-a,2026-09-07T12:00:00Z,83,takakura,31.45,50.74,18.75,0.66,0.156,116.39,4,Maturation,24,
rdg-cmpiq-unram-esp32-01-0084,site-unram-pilot,bin-unram-takakura-01,cmpiq-unram-esp32-01,batch-2026-08-takakura-a,2026-09-07T18:00:00Z,84,takakura,32.33,46.03,20.09,0.0,0.141,76.22,4,Maturation,24,
rdg-cmpiq-unram-esp32-01-0085,site-unram-pilot,bin-unram-takakura-01,cmpiq-unram-esp32-01,batch-2026-08-takakura-a,2026-09-08T00:00:00Z,85,takakura,32.79,48.89,18.62,0.69,0.16,138.22,4,Maturation,23,
rdg-cmpiq-unram-esp32-01-0086,site-unram-pilot,bin-unram-takakura-01,cmpiq-unram-esp32-01,batch-2026-08-takakura-a,2026-09-08T06:00:00Z,86,takakura,31.49,47.83,19.42,0.54,0.134,100.72,4,Maturation,23,
rdg-cmpiq-unram-esp32-01-0087,site-unram-pilot,bin-unram-takakura-01,cmpiq-unram-esp32-01,batch-2026-08-takakura-a,2026-09-08T12:00:00Z,87,takakura,31.08,49.55,19.28,1.1,0.086,117.32,4,Maturation,23,
rdg-cmpiq-unram-esp32-01-0088,site-unram-pilot,bin-unram-takakura-01,cmpiq-unram-esp32-01,batch-2026-08-takakura-a,2026-09-08T18:00:00Z,88,takakura,32.75,47.91,18.68,0.59,0.117,72.48,4,Maturation,23,
rdg-cmpiq-unram-esp32-01-0089,site-unram-pilot,bin-unram-takakura-01,cmpiq-unram-esp32-01,batch-2026-08-takakura-a,2026-09-09T00:00:00Z,89,takakura,30.21,48.72,18.11,0.7,0.073,109.33,4,Maturation,22,
rdg-cmpiq-unram-esp32-01-0090,site-unram-pilot,bin-unram-takakura-01,cmpiq-unram-esp32-01,batch-2026-08-takakura-a,2026-09-09T06:00:00Z,90,takakura,32.89,46.92,18.21,0.81,0.117,128.95,4,Maturation,22,
rdg-cmpiq-unram-esp32-01-0091,site-unram-pilot,bin-unram-takakura-01,cmpiq-unram-esp32-01,batch-2026-08-takakura-a,2026-09-09T12:00:00Z,91,takakura,34.49,48.03,19.74,0.63,0.125,127.02,4,Maturation,22,
rdg-cmpiq-unram-esp32-01-0092,site-unram-pilot,bin-unram-takakura-01,cmpiq-unram-esp32-01,batch-2026-08-takakura-a,2026-09-09T18:00:00Z,92,takakura,28.83,46.71,19.1,0.69,0.08,116.74,4,Maturation,22,
rdg-cmpiq-unram-esp32-01-0093,site-unram-pilot,bin-unram-takakura-01,cmpiq-unram-esp32-01,batch-2026-08-takakura-a,2026-09-10T00:00:00Z,93,takakura,32.22,48.15,18.38,0.52,0.16,114.92,4,Maturation,21,
rdg-cmpiq-unram-esp32-01-0094,site-unram-pilot,bin-unram-takakura-01,cmpiq-unram-esp32-01,batch-2026-08-takakura-a,2026-09-10T06:00:00Z,94,takakura,33.15,47.42,19.39,0.94,0.133,131.82,4,Maturation,21,
rdg-cmpiq-unram-esp32-01-0095,site-unram-pilot,bin-unram-takakura-01,cmpiq-unram-esp32-01,batch-2026-08-takakura-a,2026-09-10T12:00:00Z,95,takakura,29.82,51.22,17.96,0.63,0.199,121.88,4,Maturation,21,
rdg-cmpiq-unram-esp32-01-0096,site-unram-pilot,bin-unram-takakura-01,cmpiq-unram-esp32-01,batch-2026-08-takakura-a,2026-09-10T18:00:00Z,96,takakura,31.31,52.2,17.73,1.64,0.141,145.19,4,Maturation,21,
rdg-cmpiq-unram-esp32-01-0097,site-unram-pilot,bin-unram-takakura-01,cmpiq-unram-esp32-01,batch-2026-08-takakura-a,2026-09-11T00:00:00Z,97,takakura,29.62,45.9,18.66,0.83,0.132,109.17,4,Maturation,20,
rdg-cmpiq-unram-esp32-01-0098,site-unram-pilot,bin-unram-takakura-01,cmpiq-unram-esp32-01,batch-2026-08-takakura-a,2026-09-11T06:00:00Z,98,takakura,31.49,49.25,17.4,0.54,0.125,94.79,4,Maturation,20,
rdg-cmpiq-unram-esp32-01-0099,site-unram-pilot,bin-unram-takakura-01,cmpiq-unram-esp32-01,batch-2026-08-takakura-a,2026-09-11T12:00:00Z,99,takakura,33.24,44.86,17.7,0.89,0.107,135.9,4,Maturation,20,
rdg-cmpiq-unram-esp32-01-0100,site-unram-pilot,bin-unram-takakura-01,cmpiq-unram-esp32-01,batch-2026-08-takakura-a,2026-09-11T18:00:00Z,100,takakura,30.41,45.73,18.55,0.77,0.062,84.04,4,Maturation,20,
rdg-cmpiq-unram-esp32-01-0101,site-unram-pilot,bin-unram-takakura-01,cmpiq-unram-esp32-01,batch-2026-08-takakura-a,2026-09-12T00:00:00Z,101,takakura,31.53,47.89,17.6,0.87,0.077,130.2,4,Maturation,19,
rdg-cmpiq-unram-esp32-01-0102,site-unram-pilot,bin-unram-takakura-01,cmpiq-unram-esp32-01,batch-2026-08-takakura-a,2026-09-12T06:00:00Z,102,takakura,30.14,49.57,18.14,0.93,0.125,122.41,4,Maturation,19,
rdg-cmpiq-unram-esp32-01-0103,site-unram-pilot,bin-unram-takakura-01,cmpiq-unram-esp32-01,batch-2026-08-takakura-a,2026-09-12T12:00:00Z,103,takakura,32.33,49.81,17.05,1.04,0.112,116.02,4,Maturation,19,
rdg-cmpiq-unram-esp32-01-0104,site-unram-pilot,bin-unram-takakura-01,cmpiq-unram-esp32-01,batch-2026-08-takakura-a,2026-09-12T18:00:00Z,104,takakura,32.03,47.77,18.73,1.02,0.121,96.7,4,Maturation,19,
rdg-cmpiq-unram-esp32-01-0105,site-unram-pilot,bin-unram-takakura-01,cmpiq-unram-esp32-01,batch-2026-08-takakura-a,2026-09-13T00:00:00Z,105,takakura,29.6,47.01,16.61,0.77,0.042,66.67,4,Maturation,18,
rdg-cmpiq-unram-esp32-01-0106,site-unram-pilot,bin-unram-takakura-01,cmpiq-unram-esp32-01,batch-2026-08-takakura-a,2026-09-13T06:00:00Z,106,takakura,31.77,44.5,18.15,0.33,0.104,97.31,4,Maturation,18,
rdg-cmpiq-unram-esp32-01-0107,site-unram-pilot,bin-unram-takakura-01,cmpiq-unram-esp32-01,batch-2026-08-takakura-a,2026-09-13T12:00:00Z,107,takakura,30.2,44.4,17.78,1.41,0.044,120.84,4,Maturation,18,
rdg-cmpiq-unram-esp32-01-0108,site-unram-pilot,bin-unram-takakura-01,cmpiq-unram-esp32-01,batch-2026-08-takakura-a,2026-09-13T18:00:00Z,108,takakura,31.69,48.25,17.09,1.1,0.092,123.7,4,Maturation,18,
rdg-cmpiq-unram-esp32-01-0109,site-unram-pilot,bin-unram-takakura-01,cmpiq-unram-esp32-01,batch-2026-08-takakura-a,2026-09-14T00:00:00Z,109,takakura,29.89,45.98,16.84,0.89,0.112,133.8,4,Maturation,17,
rdg-cmpiq-unram-esp32-01-0110,site-unram-pilot,bin-unram-takakura-01,cmpiq-unram-esp32-01,batch-2026-08-takakura-a,2026-09-14T06:00:00Z,110,takakura,30.05,47.72,17.06,1.08,0.048,129.34,4,Maturation,17,
rdg-cmpiq-unram-esp32-01-0111,site-unram-pilot,bin-unram-takakura-01,cmpiq-unram-esp32-01,batch-2026-08-takakura-a,2026-09-14T12:00:00Z,111,takakura,32.69,46.82,16.98,1.23,0.082,144.63,4,Maturation,17,
rdg-cmpiq-unram-esp32-01-0112,site-unram-pilot,bin-unram-takakura-01,cmpiq-unram-esp32-01,batch-2026-08-takakura-a,2026-09-14T18:00:00Z,112,takakura,29.08,47.6,16.76,0.97,0.08,109.63,4,Maturation,17,
rdg-cmpiq-unram-esp32-01-0113,site-unram-pilot,bin-unram-takakura-01,cmpiq-unram-esp32-01,batch-2026-08-takakura-a,2026-09-15T00:00:00Z,113,takakura,30.36,42.99,17.63,1.06,0.111,123.98,4,Maturation,16,
rdg-cmpiq-unram-esp32-01-0114,site-unram-pilot,bin-unram-takakura-01,cmpiq-unram-esp32-01,batch-2026-08-takakura-a,2026-09-15T06:00:00Z,114,takakura,31.73,45.03,18.09,1.15,0.146,130.27,4,Maturation,16,
rdg-cmpiq-unram-esp32-01-0115,site-unram-pilot,bin-unram-takakura-01,cmpiq-unram-esp32-01,batch-2026-08-takakura-a,2026-09-15T12:00:00Z,115,takakura,31.12,48.75,16.78,0.29,0.101,96.94,4,Maturation,16,
rdg-cmpiq-unram-esp32-01-0116,site-unram-pilot,bin-unram-takakura-01,cmpiq-unram-esp32-01,batch-2026-08-takakura-a,2026-09-15T18:00:00Z,116,takakura,30.34,46.66,17.82,1.14,0.088,122.97,4,Maturation,16,
rdg-cmpiq-unram-esp32-01-0117,site-unram-pilot,bin-unram-takakura-01,cmpiq-unram-esp32-01,batch-2026-08-takakura-a,2026-09-16T00:00:00Z,117,takakura,29.17,45.35,16.42,1.07,0.151,103.12,4,Maturation,15,
rdg-cmpiq-unram-esp32-01-0118,site-unram-pilot,bin-unram-takakura-01,cmpiq-unram-esp32-01,batch-2026-08-takakura-a,2026-09-16T06:00:00Z,118,takakura,31.89,43.09,17.16,1.4,0.163,116.05,4,Maturation,15,
rdg-cmpiq-unram-esp32-01-0119,site-unram-pilot,bin-unram-takakura-01,cmpiq-unram-esp32-01,batch-2026-08-takakura-a,2026-09-16T12:00:00Z,119,takakura,30.43,48.1,16.82,0.84,0.032,96.73,4,Maturation,15,
rdg-cmpiq-unram-esp32-01-0120,site-unram-pilot,bin-unram-takakura-01,cmpiq-unram-esp32-01,batch-2026-08-takakura-a,2026-09-16T18:00:00Z,120,takakura,30.68,45.07,15.83,1.22,0.072,144.4,4,Maturation,15,
rdg-cmpiq-unram-esp32-01-0121,site-unram-pilot,bin-unram-takakura-01,cmpiq-unram-esp32-01,batch-2026-08-takakura-a,2026-09-17T00:00:00Z,121,takakura,31.01,45.02,15.85,1.02,0.018,115.03,4,Maturation,14,
rdg-cmpiq-unram-esp32-01-0122,site-unram-pilot,bin-unram-takakura-01,cmpiq-unram-esp32-01,batch-2026-08-takakura-a,2026-09-17T06:00:00Z,122,takakura,33.52,39.28,16.08,1.59,0.016,116.86,4,Maturation,14,
rdg-cmpiq-unram-esp32-01-0123,site-unram-pilot,bin-unram-takakura-01,cmpiq-unram-esp32-01,batch-2026-08-takakura-a,2026-09-17T12:00:00Z,123,takakura,30.37,44.78,16.83,1.37,0.089,122.93,4,Maturation,14,
rdg-cmpiq-unram-esp32-01-0124,site-unram-pilot,bin-unram-takakura-01,cmpiq-unram-esp32-01,batch-2026-08-takakura-a,2026-09-17T18:00:00Z,124,takakura,29.28,46.73,17.12,1.39,0.017,113.75,4,Maturation,14,
rdg-cmpiq-unram-esp32-01-0125,site-unram-pilot,bin-unram-takakura-01,cmpiq-unram-esp32-01,batch-2026-08-takakura-a,2026-09-18T00:00:00Z,125,takakura,31.48,41.27,15.85,1.04,0.05,119.63,4,Maturation,13,
rdg-cmpiq-unram-esp32-01-0126,site-unram-pilot,bin-unram-takakura-01,cmpiq-unram-esp32-01,batch-2026-08-takakura-a,2026-09-18T06:00:00Z,126,takakura,30.05,46.35,15.53,1.46,0.081,86.54,4,Maturation,13,
rdg-cmpiq-unram-esp32-01-0127,site-unram-pilot,bin-unram-takakura-01,cmpiq-unram-esp32-01,batch-2026-08-takakura-a,2026-09-18T12:00:00Z,127,takakura,31.08,44.94,15.58,0.82,0.043,70.97,4,Maturation,13,
rdg-cmpiq-unram-esp32-01-0128,site-unram-pilot,bin-unram-takakura-01,cmpiq-unram-esp32-01,batch-2026-08-takakura-a,2026-09-18T18:00:00Z,128,takakura,30.0,44.04,15.47,1.55,0.046,134.93,4,Maturation,13,
rdg-cmpiq-unram-esp32-01-0129,site-unram-pilot,bin-unram-takakura-01,cmpiq-unram-esp32-01,batch-2026-08-takakura-a,2026-09-19T00:00:00Z,129,takakura,31.5,44.74,16.09,1.23,0.016,80.68,4,Maturation,12,
rdg-cmpiq-unram-esp32-01-0130,site-unram-pilot,bin-unram-takakura-01,cmpiq-unram-esp32-01,batch-2026-08-takakura-a,2026-09-19T06:00:00Z,130,takakura,29.88,45.71,16.55,0.87,0.067,102.0,4,Maturation,12,
rdg-cmpiq-unram-esp32-01-0131,site-unram-pilot,bin-unram-takakura-01,cmpiq-unram-esp32-01,batch-2026-08-takakura-a,2026-09-19T12:00:00Z,131,takakura,30.39,45.85,15.29,0.99,0.144,131.84,4,Maturation,12,
rdg-cmpiq-unram-esp32-01-0132,site-unram-pilot,bin-unram-takakura-01,cmpiq-unram-esp32-01,batch-2026-08-takakura-a,2026-09-19T18:00:00Z,132,takakura,29.88,43.76,15.36,0.95,0.078,86.01,4,Maturation,12,
rdg-cmpiq-unram-esp32-01-0133,site-unram-pilot,bin-unram-takakura-01,cmpiq-unram-esp32-01,batch-2026-08-takakura-a,2026-09-20T00:00:00Z,133,takakura,31.33,44.83,14.64,0.94,0.105,106.18,4,Maturation,11,
rdg-cmpiq-unram-esp32-01-0134,site-unram-pilot,bin-unram-takakura-01,cmpiq-unram-esp32-01,batch-2026-08-takakura-a,2026-09-20T06:00:00Z,134,takakura,29.98,44.8,14.52,1.85,0.093,151.96,4,Maturation,11,
rdg-cmpiq-unram-esp32-01-0135,site-unram-pilot,bin-unram-takakura-01,cmpiq-unram-esp32-01,batch-2026-08-takakura-a,2026-09-20T12:00:00Z,135,takakura,29.54,45.58,15.7,0.93,0.124,150.04,4,Maturation,11,
rdg-cmpiq-unram-esp32-01-0136,site-unram-pilot,bin-unram-takakura-01,cmpiq-unram-esp32-01,batch-2026-08-takakura-a,2026-09-20T18:00:00Z,136,takakura,29.82,45.87,15.21,2.22,0.139,166.9,4,Maturation,11,
rdg-cmpiq-unram-esp32-01-0137,site-unram-pilot,bin-unram-takakura-01,cmpiq-unram-esp32-01,batch-2026-08-takakura-a,2026-09-21T00:00:00Z,137,takakura,30.26,42.86,15.83,1.34,0.024,95.5,4,Maturation,10,
rdg-cmpiq-unram-esp32-01-0138,site-unram-pilot,bin-unram-takakura-01,cmpiq-unram-esp32-01,batch-2026-08-takakura-a,2026-09-21T06:00:00Z,138,takakura,28.03,42.53,14.87,1.13,0.062,146.15,4,Maturation,10,
rdg-cmpiq-unram-esp32-01-0139,site-unram-pilot,bin-unram-takakura-01,cmpiq-unram-esp32-01,batch-2026-08-takakura-a,2026-09-21T12:00:00Z,139,takakura,30.47,42.28,14.88,1.53,0.168,169.23,4,Maturation,10,
rdg-cmpiq-unram-esp32-01-0140,site-unram-pilot,bin-unram-takakura-01,cmpiq-unram-esp32-01,batch-2026-08-takakura-a,2026-09-21T18:00:00Z,140,takakura,28.39,40.14,14.78,1.62,0.006,102.04,4,Maturation,10,
rdg-cmpiq-unram-esp32-01-0141,site-unram-pilot,bin-unram-takakura-01,cmpiq-unram-esp32-01,batch-2026-08-takakura-a,2026-09-22T00:00:00Z,141,takakura,27.77,44.99,15.38,0.68,0.094,98.31,4,Maturation,9,
rdg-cmpiq-unram-esp32-01-0142,site-unram-pilot,bin-unram-takakura-01,cmpiq-unram-esp32-01,batch-2026-08-takakura-a,2026-09-22T06:00:00Z,142,takakura,28.49,45.51,15.69,1.18,0.009,102.31,4,Maturation,9,
rdg-cmpiq-unram-esp32-01-0143,site-unram-pilot,bin-unram-takakura-01,cmpiq-unram-esp32-01,batch-2026-08-takakura-a,2026-09-22T12:00:00Z,143,takakura,30.2,45.55,14.79,1.17,0.0,135.57,4,Maturation,9,
rdg-cmpiq-unram-esp32-01-0144,site-unram-pilot,bin-unram-takakura-01,cmpiq-unram-esp32-01,batch-2026-08-takakura-a,2026-09-22T18:00:00Z,144,takakura,28.01,43.33,15.21,1.16,0.108,137.4,4,Maturation,9,
rdg-cmpiq-unram-esp32-01-0145,site-unram-pilot,bin-unram-takakura-01,cmpiq-unram-esp32-01,batch-2026-08-takakura-a,2026-09-23T00:00:00Z,145,takakura,28.81,45.77,14.57,1.2,0.0,108.51,4,Maturation,8,
rdg-cmpiq-unram-esp32-01-0146,site-unram-pilot,bin-unram-takakura-01,cmpiq-unram-esp32-01,batch-2026-08-takakura-a,2026-09-23T06:00:00Z,146,takakura,29.46,40.01,14.59,1.75,0.075,146.25,4,Maturation,8,
rdg-cmpiq-unram-esp32-01-0147,site-unram-pilot,bin-unram-takakura-01,cmpiq-unram-esp32-01,batch-2026-08-takakura-a,2026-09-23T12:00:00Z,147,takakura,29.61,38.98,13.89,1.4,0.04,138.41,4,Maturation,8,
rdg-cmpiq-unram-esp32-01-0148,site-unram-pilot,bin-unram-takakura-01,cmpiq-unram-esp32-01,batch-2026-08-takakura-a,2026-09-23T18:00:00Z,148,takakura,29.98,43.05,13.25,1.5,0.032,132.0,4,Maturation,8,
rdg-cmpiq-unram-esp32-01-0149,site-unram-pilot,bin-unram-takakura-01,cmpiq-unram-esp32-01,batch-2026-08-takakura-a,2026-09-24T00:00:00Z,149,takakura,30.89,42.24,13.86,1.25,0.069,138.11,4,Maturation,7,
rdg-cmpiq-unram-esp32-01-0150,site-unram-pilot,bin-unram-takakura-01,cmpiq-unram-esp32-01,batch-2026-08-takakura-a,2026-09-24T06:00:00Z,150,takakura,29.35,43.44,14.34,1.67,0.019,134.97,4,Maturation,7,
rdg-cmpiq-unram-esp32-01-0151,site-unram-pilot,bin-unram-takakura-01,cmpiq-unram-esp32-01,batch-2026-08-takakura-a,2026-09-24T12:00:00Z,151,takakura,27.73,41.91,13.39,1.45,0.0,81.38,4,Maturation,7,
rdg-cmpiq-unram-esp32-01-0152,site-unram-pilot,bin-unram-takakura-01,cmpiq-unram-esp32-01,batch-2026-08-takakura-a,2026-09-24T18:00:00Z,152,takakura,29.71,42.12,13.6,1.72,0.088,125.35,4,Maturation,7,
rdg-cmpiq-unram-esp32-01-0153,site-unram-pilot,bin-unram-takakura-01,cmpiq-unram-esp32-01,batch-2026-08-takakura-a,2026-09-25T00:00:00Z,153,takakura,28.54,42.76,14.08,1.66,0.043,124.15,4,Maturation,6,
rdg-cmpiq-unram-esp32-01-0154,site-unram-pilot,bin-unram-takakura-01,cmpiq-unram-esp32-01,batch-2026-08-takakura-a,2026-09-25T06:00:00Z,154,takakura,29.61,42.66,14.06,1.98,0.083,138.66,4,Maturation,6,
rdg-cmpiq-unram-esp32-01-0155,site-unram-pilot,bin-unram-takakura-01,cmpiq-unram-esp32-01,batch-2026-08-takakura-a,2026-09-25T12:00:00Z,155,takakura,28.19,42.08,13.9,1.66,0.027,133.07,4,Maturation,6,
rdg-cmpiq-unram-esp32-01-0156,site-unram-pilot,bin-unram-takakura-01,cmpiq-unram-esp32-01,batch-2026-08-takakura-a,2026-09-25T18:00:00Z,156,takakura,28.77,41.73,13.75,2.03,0.058,126.91,4,Maturation,6,
rdg-cmpiq-unram-esp32-01-0157,site-unram-pilot,bin-unram-takakura-01,cmpiq-unram-esp32-01,batch-2026-08-takakura-a,2026-09-26T00:00:00Z,157,takakura,27.15,38.41,12.93,1.74,0.092,129.26,4,Maturation,5,
rdg-cmpiq-unram-esp32-01-0158,site-unram-pilot,bin-unram-takakura-01,cmpiq-unram-esp32-01,batch-2026-08-takakura-a,2026-09-26T06:00:00Z,158,takakura,29.2,40.54,12.21,1.46,0.009,122.72,4,Maturation,5,
rdg-cmpiq-unram-esp32-01-0159,site-unram-pilot,bin-unram-takakura-01,cmpiq-unram-esp32-01,batch-2026-08-takakura-a,2026-09-26T12:00:00Z,159,takakura,29.87,43.36,12.64,1.32,0.022,111.57,4,Maturation,5,
rdg-cmpiq-unram-esp32-01-0160,site-unram-pilot,bin-unram-takakura-01,cmpiq-unram-esp32-01,batch-2026-08-takakura-a,2026-09-26T18:00:00Z,160,takakura,27.97,39.42,13.55,1.05,0.043,101.8,4,Maturation,5,
rdg-cmpiq-unram-esp32-01-0161,site-unram-pilot,bin-unram-takakura-01,cmpiq-unram-esp32-01,batch-2026-08-takakura-a,2026-09-27T00:00:00Z,161,takakura,27.17,39.39,12.6,1.81,0.071,134.15,4,Maturation,4,
rdg-cmpiq-unram-esp32-01-0162,site-unram-pilot,bin-unram-takakura-01,cmpiq-unram-esp32-01,batch-2026-08-takakura-a,2026-09-27T06:00:00Z,162,takakura,28.13,39.17,12.66,2.12,0.0,135.41,4,Maturation,4,
rdg-cmpiq-unram-esp32-01-0163,site-unram-pilot,bin-unram-takakura-01,cmpiq-unram-esp32-01,batch-2026-08-takakura-a,2026-09-27T12:00:00Z,163,takakura,27.95,41.85,12.73,2.04,0.059,153.39,4,Maturation,4,
rdg-cmpiq-unram-esp32-01-0164,site-unram-pilot,bin-unram-takakura-01,cmpiq-unram-esp32-01,batch-2026-08-takakura-a,2026-09-27T18:00:00Z,164,takakura,28.97,39.93,12.33,1.88,0.027,126.5,4,Maturation,4,
rdg-cmpiq-unram-esp32-01-0165,site-unram-pilot,bin-unram-takakura-01,cmpiq-unram-esp32-01,batch-2026-08-takakura-a,2026-09-28T00:00:00Z,165,takakura,28.37,42.47,13.21,2.14,0.0,113.79,4,Maturation,3,
rdg-cmpiq-unram-esp32-01-0166,site-unram-pilot,bin-unram-takakura-01,cmpiq-unram-esp32-01,batch-2026-08-takakura-a,2026-09-28T06:00:00Z,166,takakura,27.98,41.03,12.33,1.87,0.0,92.06,4,Maturation,3,
rdg-cmpiq-unram-esp32-01-0167,site-unram-pilot,bin-unram-takakura-01,cmpiq-unram-esp32-01,batch-2026-08-takakura-a,2026-09-28T12:00:00Z,167,takakura,26.72,37.56,11.9,2.08,0.0,125.58,4,Maturation,3,
rdg-cmpiq-unram-esp32-01-0168,site-unram-pilot,bin-unram-takakura-01,cmpiq-unram-esp32-01,batch-2026-08-takakura-a,2026-09-28T18:00:00Z,168,takakura,29.21,43.13,12.49,1.69,0.0,130.78,4,Maturation,3,
rdg-cmpiq-unram-esp32-01-0169,site-unram-pilot,bin-unram-takakura-01,cmpiq-unram-esp32-01,batch-2026-08-takakura-a,2026-09-29T00:00:00Z,169,takakura,29.05,39.47,11.74,1.75,0.0,124.26,4,Maturation,2,
rdg-cmpiq-unram-esp32-01-0170,site-unram-pilot,bin-unram-takakura-01,cmpiq-unram-esp32-01,batch-2026-08-takakura-a,2026-09-29T06:00:00Z,170,takakura,27.15,41.47,13.07,1.76,0.021,103.57,4,Maturation,2,
rdg-cmpiq-unram-esp32-01-0171,site-unram-pilot,bin-unram-takakura-01,cmpiq-unram-esp32-01,batch-2026-08-takakura-a,2026-09-29T12:00:00Z,171,takakura,29.23,38.02,11.52,1.34,0.0,113.87,4,Maturation,2,
rdg-cmpiq-unram-esp32-01-0172,site-unram-pilot,bin-unram-takakura-01,cmpiq-unram-esp32-01,batch-2026-08-takakura-a,2026-09-29T18:00:00Z,172,takakura,28.19,38.58,13.12,1.93,0.0,143.67,4,Maturation,2,
rdg-cmpiq-unram-esp32-01-0173,site-unram-pilot,bin-unram-takakura-01,cmpiq-unram-esp32-01,batch-2026-08-takakura-a,2026-09-30T00:00:00Z,173,takakura,26.13,40.2,12.19,2.38,0.0,111.79,4,Maturation,1,
rdg-cmpiq-unram-esp32-01-0174,site-unram-pilot,bin-unram-takakura-01,cmpiq-unram-esp32-01,batch-2026-08-takakura-a,2026-09-30T06:00:00Z,174,takakura,30.34,38.18,12.07,2.19,0.038,159.85,4,Maturation,1,
rdg-cmpiq-unram-esp32-01-0175,site-unram-pilot,bin-unram-takakura-01,cmpiq-unram-esp32-01,batch-2026-08-takakura-a,2026-09-30T12:00:00Z,175,takakura,27.04,42.42,12.67,1.92,0.016,97.92,4,Maturation,1,
rdg-cmpiq-unram-esp32-01-0176,site-unram-pilot,bin-unram-takakura-01,cmpiq-unram-esp32-01,batch-2026-08-takakura-a,2026-09-30T18:00:00Z,176,takakura,28.02,41.21,12.05,2.19,0.045,142.95,4,Maturation,1,
rdg-cmpiq-unram-esp32-02-0001,site-unram-pilot,bin-unram-bokashi-02,cmpiq-unram-esp32-02,batch-2026-08-bokashi-b,2026-08-18T02:00:00Z,1,bokashi,28.57,66.06,14.6,0.65,0.1,87.81,0,Early Mesophilic,50,
rdg-cmpiq-unram-esp32-02-0002,site-unram-pilot,bin-unram-bokashi-02,cmpiq-unram-esp32-02,batch-2026-08-bokashi-b,2026-08-18T08:00:00Z,2,bokashi,29.89,68.06,13.28,0.11,0.177,120.49,0,Early Mesophilic,50,
rdg-cmpiq-unram-esp32-02-0003,site-unram-pilot,bin-unram-bokashi-02,cmpiq-unram-esp32-02,batch-2026-08-bokashi-b,2026-08-18T14:00:00Z,3,bokashi,31.98,64.61,13.11,1.2,0.043,138.02,0,Early Mesophilic,50,
rdg-cmpiq-unram-esp32-02-0004,site-unram-pilot,bin-unram-bokashi-02,cmpiq-unram-esp32-02,batch-2026-08-bokashi-b,2026-08-18T20:00:00Z,4,bokashi,35.8,58.85,11.25,1.62,0.132,161.53,0,Early Mesophilic,50,
rdg-cmpiq-unram-esp32-02-0005,site-unram-pilot,bin-unram-bokashi-02,cmpiq-unram-esp32-02,batch-2026-08-bokashi-b,2026-08-19T02:00:00Z,5,bokashi,39.27,61.09,9.91,1.77,0.18,154.47,0,Early Mesophilic,49,
rdg-cmpiq-unram-esp32-02-0006,site-unram-pilot,bin-unram-bokashi-02,cmpiq-unram-esp32-02,batch-2026-08-bokashi-b,2026-08-19T08:00:00Z,6,bokashi,40.3,60.79,11.27,2.31,0.22,201.6,0,Early Mesophilic,49,
rdg-cmpiq-unram-esp32-02-0007,site-unram-pilot,bin-unram-bokashi-02,cmpiq-unram-esp32-02,batch-2026-08-bokashi-b,2026-08-19T14:00:00Z,7,bokashi,40.45,59.55,9.7,1.83,0.268,145.77,0,Early Mesophilic,49,
rdg-cmpiq-unram-esp32-02-0008,site-unram-pilot,bin-unram-bokashi-02,cmpiq-unram-esp32-02,batch-2026-08-bokashi-b,2026-08-19T20:00:00Z,8,bokashi,44.03,64.06,7.46,3.35,0.159,210.02,0,Early Mesophilic,49,
rdg-cmpiq-unram-esp32-02-0009,site-unram-pilot,bin-unram-bokashi-02,cmpiq-unram-esp32-02,batch-2026-08-bokashi-b,2026-08-20T02:00:00Z,9,bokashi,44.91,57.34,7.33,2.76,0.231,215.2,1,Active Thermophilic,48,
rdg-cmpiq-unram-esp32-02-0010,site-unram-pilot,bin-unram-bokashi-02,cmpiq-unram-esp32-02,batch-2026-08-bokashi-b,2026-08-20T08:00:00Z,10,bokashi,45.4,60.75,7.39,3.11,0.313,255.83,1,Active Thermophilic,48,
rdg-cmpiq-unram-esp32-02-0011,site-unram-pilot,bin-unram-bokashi-02,cmpiq-unram-esp32-02,batch-2026-08-bokashi-b,2026-08-20T14:00:00Z,11,bokashi,48.4,58.33,6.8,4.32,0.457,328.26,1,Active Thermophilic,48,
rdg-cmpiq-unram-esp32-02-0012,site-unram-pilot,bin-unram-bokashi-02,cmpiq-unram-esp32-02,batch-2026-08-bokashi-b,2026-08-20T20:00:00Z,12,bokashi,53.3,56.7,7.15,4.88,0.415,382.16,1,Active Thermophilic,48,
rdg-cmpiq-unram-esp32-02-0013,site-unram-pilot,bin-unram-bokashi-02,cmpiq-unram-esp32-02,batch-2026-08-bokashi-b,2026-08-21T02:00:00Z,13,bokashi,57.04,57.32,7.47,5.2,0.477,375.4,1,Active Thermophilic,47,
rdg-cmpiq-unram-esp32-02-0014,site-unram-pilot,bin-unram-bokashi-02,cmpiq-unram-esp32-02,batch-2026-08-bokashi-b,2026-08-21T08:00:00Z,14,bokashi,57.76,56.38,5.71,5.49,0.576,429.7,1,Active Thermophilic,47,
rdg-cmpiq-unram-esp32-02-0015,site-unram-pilot,bin-unram-bokashi-02,cmpiq-unram-esp32-02,batch-2026-08-bokashi-b,2026-08-21T14:00:00Z,15,bokashi,60.56,55.91,6.53,5.87,0.617,435.88,1,Active Thermophilic,47,
rdg-cmpiq-unram-esp32-02-0016,site-unram-pilot,bin-unram-bokashi-02,cmpiq-unram-esp32-02,batch-2026-08-bokashi-b,2026-08-21T20:00:00Z,16,bokashi,58.75,52.13,4.98,5.59,0.663,428.83,1,Active Thermophilic,47,
rdg-cmpiq-unram-esp32-02-0017,site-unram-pilot,bin-unram-bokashi-02,cmpiq-unram-esp32-02,batch-2026-08-bokashi-b,2026-08-22T02:00:00Z,17,bokashi,55.67,41.6,5.71,6.43,0.69,502.02,2,Peak Decomposition,46,MOISTURE_LOW
rdg-cmpiq-unram-esp32-02-0018,site-unram-pilot,bin-unram-bokashi-02,cmpiq-unram-esp32-02,batch-2026-08-bokashi-b,2026-08-22T08:00:00Z,18,bokashi,56.89,42.65,6.07,6.13,0.701,470.61,2,Peak Decomposition,46,MOISTURE_LOW
rdg-cmpiq-unram-esp32-02-0019,site-unram-pilot,bin-unram-bokashi-02,cmpiq-unram-esp32-02,batch-2026-08-bokashi-b,2026-08-22T14:00:00Z,19,bokashi,58.23,44.99,5.06,6.91,0.763,498.81,2,Peak Decomposition,46,MOISTURE_LOW
rdg-cmpiq-unram-esp32-02-0020,site-unram-pilot,bin-unram-bokashi-02,cmpiq-unram-esp32-02,batch-2026-08-bokashi-b,2026-08-22T20:00:00Z,20,bokashi,56.43,42.57,4.2,6.52,0.76,481.84,2,Peak Decomposition,46,MOISTURE_LOW
rdg-cmpiq-unram-esp32-02-0021,site-unram-pilot,bin-unram-bokashi-02,cmpiq-unram-esp32-02,batch-2026-08-bokashi-b,2026-08-23T02:00:00Z,21,bokashi,58.57,45.12,5.21,7.21,0.807,557.43,2,Peak Decomposition,45,MOISTURE_LOW
rdg-cmpiq-unram-esp32-02-0022,site-unram-pilot,bin-unram-bokashi-02,cmpiq-unram-esp32-02,batch-2026-08-bokashi-b,2026-08-23T08:00:00Z,22,bokashi,59.37,46.1,4.16,6.91,0.722,514.29,2,Peak Decomposition,45,MOISTURE_LOW
rdg-cmpiq-unram-esp32-02-0023,site-unram-pilot,bin-unram-bokashi-02,cmpiq-unram-esp32-02,batch-2026-08-bokashi-b,2026-08-23T14:00:00Z,23,bokashi,57.7,38.21,4.49,6.63,0.784,506.2,2,Peak Decomposition,45,MOISTURE_LOW
rdg-cmpiq-unram-esp32-02-0024,site-unram-pilot,bin-unram-bokashi-02,cmpiq-unram-esp32-02,batch-2026-08-bokashi-b,2026-08-23T20:00:00Z,24,bokashi,57.65,43.23,4.24,7.61,0.788,514.21,2,Peak Decomposition,45,MOISTURE_LOW
rdg-cmpiq-unram-esp32-02-0025,site-unram-pilot,bin-unram-bokashi-02,cmpiq-unram-esp32-02,batch-2026-08-bokashi-b,2026-08-24T02:00:00Z,25,bokashi,59.21,39.81,4.15,7.54,0.797,574.91,2,Peak Decomposition,44,MOISTURE_LOW
rdg-cmpiq-unram-esp32-02-0026,site-unram-pilot,bin-unram-bokashi-02,cmpiq-unram-esp32-02,batch-2026-08-bokashi-b,2026-08-24T08:00:00Z,26,bokashi,58.48,40.05,4.31,7.99,0.823,552.13,2,Peak Decomposition,44,MOISTURE_LOW
rdg-cmpiq-unram-esp32-02-0027,site-unram-pilot,bin-unram-bokashi-02,cmpiq-unram-esp32-02,batch-2026-08-bokashi-b,2026-08-24T14:00:00Z,27,bokashi,60.3,42.59,2.99,7.38,0.753,499.88,2,Peak Decomposition,44,MOISTURE_LOW
rdg-cmpiq-unram-esp32-02-0028,site-unram-pilot,bin-unram-bokashi-02,cmpiq-unram-esp32-02,batch-2026-08-bokashi-b,2026-08-24T20:00:00Z,28,bokashi,62.21,39.15,3.53,8.05,0.882,593.05,2,Peak Decomposition,44,MOISTURE_LOW
rdg-cmpiq-unram-esp32-02-0029,site-unram-pilot,bin-unram-bokashi-02,cmpiq-unram-esp32-02,batch-2026-08-bokashi-b,2026-08-25T02:00:00Z,29,bokashi,61.06,42.34,4.86,8.39,0.825,580.41,2,Peak Decomposition,43,MOISTURE_LOW
rdg-cmpiq-unram-esp32-02-0030,site-unram-pilot,bin-unram-bokashi-02,cmpiq-unram-esp32-02,batch-2026-08-bokashi-b,2026-08-25T08:00:00Z,30,bokashi,61.28,36.9,4.19,7.43,0.865,569.71,2,Peak Decomposition,43,MOISTURE_LOW
rdg-cmpiq-unram-esp32-02-0031,site-unram-pilot,bin-unram-bokashi-02,cmpiq-unram-esp32-02,batch-2026-08-bokashi-b,2026-08-25T14:00:00Z,31,bokashi,63.58,43.51,3.9,8.29,0.922,613.66,2,Peak Decomposition,43,MOISTURE_LOW
rdg-cmpiq-unram-esp32-02-0032,site-unram-pilot,bin-unram-bokashi-02,cmpiq-unram-esp32-02,batch-2026-08-bokashi-b,2026-08-25T20:00:00Z,32,bokashi,63.23,35.98,2.41,8.55,0.91,628.49,2,Peak Decomposition,43,MOISTURE_LOW
rdg-cmpiq-unram-esp32-02-0033,site-unram-pilot,bin-unram-bokashi-02,cmpiq-unram-esp32-02,batch-2026-08-bokashi-b,2026-08-26T02:00:00Z,33,bokashi,62.49,40.35,2.85,8.37,0.926,620.23,2,Peak Decomposition,42,MOISTURE_LOW
rdg-cmpiq-unram-esp32-02-0034,site-unram-pilot,bin-unram-bokashi-02,cmpiq-unram-esp32-02,batch-2026-08-bokashi-b,2026-08-26T08:00:00Z,34,bokashi,62.06,37.24,3.64,8.84,0.935,622.13,2,Peak Decomposition,42,MOISTURE_LOW
rdg-cmpiq-unram-esp32-02-0035,site-unram-pilot,bin-unram-bokashi-02,cmpiq-unram-esp32-02,batch-2026-08-bokashi-b,2026-08-26T14:00:00Z,35,bokashi,64.25,37.07,3.66,9.11,0.946,673.34,2,Peak Decomposition,42,MOISTURE_LOW
rdg-cmpiq-unram-esp32-02-0036,site-unram-pilot,bin-unram-bokashi-02,cmpiq-unram-esp32-02,batch-2026-08-bokashi-b,2026-08-26T20:00:00Z,36,bokashi,64.83,39.54,2.03,9.64,0.927,637.29,2,Peak Decomposition,42,MOISTURE_LOW
rdg-cmpiq-unram-esp32-02-0037,site-unram-pilot,bin-unram-bokashi-02,cmpiq-unram-esp32-02,batch-2026-08-bokashi-b,2026-08-27T02:00:00Z,37,bokashi,63.93,37.39,1.32,8.72,0.996,625.74,2,Peak Decomposition,41,MOISTURE_LOW
rdg-cmpiq-unram-esp32-02-0038,site-unram-pilot,bin-unram-bokashi-02,cmpiq-unram-esp32-02,batch-2026-08-bokashi-b,2026-08-27T08:00:00Z,38,bokashi,64.98,36.23,2.76,9.53,0.955,707.03,2,Peak Decomposition,41,MOISTURE_LOW
rdg-cmpiq-unram-esp32-02-0039,site-unram-pilot,bin-unram-bokashi-02,cmpiq-unram-esp32-02,batch-2026-08-bokashi-b,2026-08-27T14:00:00Z,39,bokashi,64.67,36.19,1.43,9.42,0.95,639.22,2,Peak Decomposition,41,MOISTURE_LOW
rdg-cmpiq-unram-esp32-02-0040,site-unram-pilot,bin-unram-bokashi-02,cmpiq-unram-esp32-02,batch-2026-08-bokashi-b,2026-08-27T20:00:00Z,40,bokashi,64.39,35.41,2.22,9.65,1.0,697.5,2,Peak Decomposition,41,MOISTURE_LOW
rdg-cmpiq-unram-esp32-02-0041,site-unram-pilot,bin-unram-bokashi-02,cmpiq-unram-esp32-02,batch-2026-08-bokashi-b,2026-08-28T02:00:00Z,41,bokashi,61.34,39.52,11.71,1.26,0.565,270.0,3,Cooling,40,MOISTURE_LOW
rdg-cmpiq-unram-esp32-02-0042,site-unram-pilot,bin-unram-bokashi-02,cmpiq-unram-esp32-02,batch-2026-08-bokashi-b,2026-08-28T08:00:00Z,42,bokashi,56.46,40.12,11.54,1.97,0.505,244.82,3,Cooling,40,MOISTURE_LOW
rdg-cmpiq-unram-esp32-02-0043,site-unram-pilot,bin-unram-bokashi-02,cmpiq-unram-esp32-02,batch-2026-08-bokashi-b,2026-08-28T14:00:00Z,43,bokashi,58.61,40.47,12.11,1.65,0.59,255.81,3,Cooling,40,MOISTURE_LOW
rdg-cmpiq-unram-esp32-02-0044,site-unram-pilot,bin-unram-bokashi-02,cmpiq-unram-esp32-02,batch-2026-08-bokashi-b,2026-08-28T20:00:00Z,44,bokashi,58.26,39.59,10.74,2.45,0.607,298.72,3,Cooling,40,MOISTURE_LOW
rdg-cmpiq-unram-esp32-02-0045,site-unram-pilot,bin-unram-bokashi-02,cmpiq-unram-esp32-02,batch-2026-08-bokashi-b,2026-08-29T02:00:00Z,45,bokashi,59.08,43.14,10.29,2.96,0.531,320.48,3,Cooling,39,MOISTURE_LOW
rdg-cmpiq-unram-esp32-02-0046,site-unram-pilot,bin-unram-bokashi-02,cmpiq-unram-esp32-02,batch-2026-08-bokashi-b,2026-08-29T08:00:00Z,46,bokashi,55.22,40.48,11.61,3.43,0.6,315.93,3,Cooling,39,MOISTURE_LOW
rdg-cmpiq-unram-esp32-02-0047,site-unram-pilot,bin-unram-bokashi-02,cmpiq-unram-esp32-02,batch-2026-08-bokashi-b,2026-08-29T14:00:00Z,47,bokashi,56.26,40.22,11.09,3.3,0.473,334.58,3,Cooling,39,MOISTURE_LOW
rdg-cmpiq-unram-esp32-02-0048,site-unram-pilot,bin-unram-bokashi-02,cmpiq-unram-esp32-02,batch-2026-08-bokashi-b,2026-08-29T20:00:00Z,48,bokashi,56.42,41.78,10.74,2.58,0.518,270.46,3,Cooling,39,MOISTURE_LOW
rdg-cmpiq-unram-esp32-02-0049,site-unram-pilot,bin-unram-bokashi-02,cmpiq-unram-esp32-02,batch-2026-08-bokashi-b,2026-08-30T02:00:00Z,49,bokashi,52.09,41.71,10.84,3.41,0.516,250.96,3,Cooling,38,MOISTURE_LOW
rdg-cmpiq-unram-esp32-02-0050,site-unram-pilot,bin-unram-bokashi-02,cmpiq-unram-esp32-02,batch-2026-08-bokashi-b,2026-08-30T08:00:00Z,50,bokashi,54.02,38.0,10.35,2.48,0.464,271.51,3,Cooling,38,MOISTURE_LOW
rdg-cmpiq-unram-esp32-02-0051,site-unram-pilot,bin-unram-bokashi-02,cmpiq-unram-esp32-02,batch-2026-08-bokashi-b,2026-08-30T14:00:00Z,51,bokashi,51.92,39.6,9.7,2.79,0.55,317.42,3,Cooling,38,MOISTURE_LOW
rdg-cmpiq-unram-esp32-02-0052,site-unram-pilot,bin-unram-bokashi-02,cmpiq-unram-esp32-02,batch-2026-08-bokashi-b,2026-08-30T20:00:00Z,52,bokashi,49.62,38.06,9.28,3.28,0.444,287.87,3,Cooling,38,MOISTURE_LOW
rdg-cmpiq-unram-esp32-02-0053,site-unram-pilot,bin-unram-bokashi-02,cmpiq-unram-esp32-02,batch-2026-08-bokashi-b,2026-08-31T02:00:00Z,53,bokashi,48.08,36.64,8.99,3.73,0.516,325.31,3,Cooling,37,MOISTURE_LOW
rdg-cmpiq-unram-esp32-02-0054,site-unram-pilot,bin-unram-bokashi-02,cmpiq-unram-esp32-02,batch-2026-08-bokashi-b,2026-08-31T08:00:00Z,54,bokashi,47.49,37.26,10.49,3.46,0.499,307.05,3,Cooling,37,MOISTURE_LOW
rdg-cmpiq-unram-esp32-02-0055,site-unram-pilot,bin-unram-bokashi-02,cmpiq-unram-esp32-02,batch-2026-08-bokashi-b,2026-08-31T14:00:00Z,55,bokashi,49.31,36.34,8.4,3.81,0.445,318.45,3,Cooling,37,MOISTURE_LOW
rdg-cmpiq-unram-esp32-02-0056,site-unram-pilot,bin-unram-bokashi-02,cmpiq-unram-esp32-02,batch-2026-08-bokashi-b,2026-08-31T20:00:00Z,56,bokashi,45.14,36.52,9.21,3.87,0.447,341.23,3,Cooling,37,MOISTURE_LOW
rdg-cmpiq-unram-esp32-02-0057,site-unram-pilot,bin-unram-bokashi-02,cmpiq-unram-esp32-02,batch-2026-08-bokashi-b,2026-09-01T02:00:00Z,57,bokashi,44.81,35.95,7.2,4.23,0.369,319.17,3,Cooling,36,MOISTURE_LOW
rdg-cmpiq-unram-esp32-02-0058,site-unram-pilot,bin-unram-bokashi-02,cmpiq-unram-esp32-02,batch-2026-08-bokashi-b,2026-09-01T08:00:00Z,58,bokashi,42.68,36.83,8.02,3.9,0.349,292.62,3,Cooling,36,MOISTURE_LOW
rdg-cmpiq-unram-esp32-02-0059,site-unram-pilot,bin-unram-bokashi-02,cmpiq-unram-esp32-02,batch-2026-08-bokashi-b,2026-09-01T14:00:00Z,59,bokashi,41.83,33.62,7.93,4.01,0.379,325.06,3,Cooling,36,MOISTURE_LOW
rdg-cmpiq-unram-esp32-02-0060,site-unram-pilot,bin-unram-bokashi-02,cmpiq-unram-esp32-02,batch-2026-08-bokashi-b,2026-09-01T20:00:00Z,60,bokashi,40.68,33.87,7.62,4.21,0.325,302.38,3,Cooling,36,MOISTURE_LOW
rdg-cmpiq-unram-esp32-02-0061,site-unram-pilot,bin-unram-bokashi-02,cmpiq-unram-esp32-02,batch-2026-08-bokashi-b,2026-09-02T02:00:00Z,61,bokashi,43.45,35.87,7.54,5.14,0.438,362.9,3,Cooling,35,MOISTURE_LOW
rdg-cmpiq-unram-esp32-02-0062,site-unram-pilot,bin-unram-bokashi-02,cmpiq-unram-esp32-02,batch-2026-08-bokashi-b,2026-09-02T08:00:00Z,62,bokashi,40.36,36.0,6.39,5.11,0.327,334.47,3,Cooling,35,MOISTURE_LOW
rdg-cmpiq-unram-esp32-02-0063,site-unram-pilot,bin-unram-bokashi-02,cmpiq-unram-esp32-02,batch-2026-08-bokashi-b,2026-09-02T14:00:00Z,63,bokashi,39.43,31.46,6.92,5.09,0.294,294.14,3,Cooling,35,MOISTURE_LOW
rdg-cmpiq-unram-esp32-02-0064,site-unram-pilot,bin-unram-bokashi-02,cmpiq-unram-esp32-02,batch-2026-08-bokashi-b,2026-09-02T20:00:00Z,64,bokashi,37.44,32.62,7.14,4.51,0.322,296.21,3,Cooling,35,MOISTURE_LOW
rdg-cmpiq-unram-esp32-02-0065,site-unram-pilot,bin-unram-bokashi-02,cmpiq-unram-esp32-02,batch-2026-08-bokashi-b,2026-09-03T02:00:00Z,65,bokashi,37.2,35.23,7.41,4.92,0.321,315.88,3,Cooling,34,MOISTURE_LOW
rdg-cmpiq-unram-esp32-02-0066,site-unram-pilot,bin-unram-bokashi-02,cmpiq-unram-esp32-02,batch-2026-08-bokashi-b,2026-09-03T08:00:00Z,66,bokashi,37.94,34.3,7.24,4.82,0.298,307.49,3,Cooling,34,MOISTURE_LOW
rdg-cmpiq-unram-esp32-02-0067,site-unram-pilot,bin-unram-bokashi-02,cmpiq-unram-esp32-02,batch-2026-08-bokashi-b,2026-09-03T14:00:00Z,67,bokashi,33.2,34.79,5.97,4.93,0.316,303.59,3,Cooling,34,MOISTURE_LOW
rdg-cmpiq-unram-esp32-02-0068,site-unram-pilot,bin-unram-bokashi-02,cmpiq-unram-esp32-02,batch-2026-08-bokashi-b,2026-09-03T20:00:00Z,68,bokashi,32.82,33.01,6.74,6.51,0.218,365.42,3,Cooling,34,MOISTURE_LOW
rdg-cmpiq-unram-esp32-02-0069,site-unram-pilot,bin-unram-bokashi-02,cmpiq-unram-esp32-02,batch-2026-08-bokashi-b,2026-09-04T02:00:00Z,69,bokashi,33.37,30.85,5.0,6.26,0.179,334.41,3,Cooling,33,MOISTURE_LOW
rdg-cmpiq-unram-esp32-02-0070,site-unram-pilot,bin-unram-bokashi-02,cmpiq-unram-esp32-02,batch-2026-08-bokashi-b,2026-09-04T08:00:00Z,70,bokashi,31.54,32.13,5.97,5.52,0.282,336.14,3,Cooling,33,MOISTURE_LOW
rdg-cmpiq-unram-esp32-02-0071,site-unram-pilot,bin-unram-bokashi-02,cmpiq-unram-esp32-02,batch-2026-08-bokashi-b,2026-09-04T14:00:00Z,71,bokashi,31.61,29.509999999999998,5.12,5.87,0.232,336.29,3,Cooling,33,MOISTURE_LOW
rdg-cmpiq-unram-esp32-02-0072,site-unram-pilot,bin-unram-bokashi-02,cmpiq-unram-esp32-02,batch-2026-08-bokashi-b,2026-09-04T20:00:00Z,72,bokashi,29.46,31.57,5.4,6.25,0.196,336.4,3,Cooling,33,MOISTURE_LOW
rdg-cmpiq-unram-esp32-02-0073,site-unram-pilot,bin-unram-bokashi-02,cmpiq-unram-esp32-02,batch-2026-08-bokashi-b,2026-09-05T02:00:00Z,73,bokashi,29.78,34.29,21.0,0.58,0.197,126.84,4,Maturation,32,MOISTURE_LOW
rdg-cmpiq-unram-esp32-02-0074,site-unram-pilot,bin-unram-bokashi-02,cmpiq-unram-esp32-02,batch-2026-08-bokashi-b,2026-09-05T08:00:00Z,74,bokashi,33.83,38.3,20.13,0.89,0.162,110.05,4,Maturation,32,MOISTURE_LOW
rdg-cmpiq-unram-esp32-02-0075,site-unram-pilot,bin-unram-bokashi-02,cmpiq-unram-esp32-02,batch-2026-08-bokashi-b,2026-09-05T14:00:00Z,75,bokashi,32.69,37.09,18.72,0.4,0.147,145.48,4,Maturation,32,MOISTURE_LOW
rdg-cmpiq-unram-esp32-02-0076,site-unram-pilot,bin-unram-bokashi-02,cmpiq-unram-esp32-02,batch-2026-08-bokashi-b,2026-09-05T20:00:00Z,76,bokashi,33.31,35.22,19.17,0.32,0.064,86.06,4,Maturation,32,MOISTURE_LOW
rdg-cmpiq-unram-esp32-02-0077,site-unram-pilot,bin-unram-bokashi-02,cmpiq-unram-esp32-02,batch-2026-08-bokashi-b,2026-09-06T02:00:00Z,77,bokashi,28.74,33.13,20.47,0.24,0.137,86.83,4,Maturation,31,MOISTURE_LOW
rdg-cmpiq-unram-esp32-02-0078,site-unram-pilot,bin-unram-bokashi-02,cmpiq-unram-esp32-02,batch-2026-08-bokashi-b,2026-09-06T08:00:00Z,78,bokashi,31.89,33.25,19.23,0.37,0.013,77.95,4,Maturation,31,MOISTURE_LOW
rdg-cmpiq-unram-esp32-02-0079,site-unram-pilot,bin-unram-bokashi-02,cmpiq-unram-esp32-02,batch-2026-08-bokashi-b,2026-09-06T14:00:00Z,79,bokashi,33.22,31.979999999999997,19.7,0.53,0.19,141.36,4,Maturation,31,MOISTURE_LOW
rdg-cmpiq-unram-esp32-02-0080,site-unram-pilot,bin-unram-bokashi-02,cmpiq-unram-esp32-02,batch-2026-08-bokashi-b,2026-09-06T20:00:00Z,80,bokashi,32.5,34.39,19.32,0.0,0.185,110.33,4,Maturation,31,MOISTURE_LOW
rdg-cmpiq-unram-esp32-02-0081,site-unram-pilot,bin-unram-bokashi-02,cmpiq-unram-esp32-02,batch-2026-08-bokashi-b,2026-09-07T02:00:00Z,81,bokashi,31.34,35.18,18.25,0.73,0.132,138.36,4,Maturation,30,MOISTURE_LOW
rdg-cmpiq-unram-esp32-02-0082,site-unram-pilot,bin-unram-bokashi-02,cmpiq-unram-esp32-02,batch-2026-08-bokashi-b,2026-09-07T08:00:00Z,82,bokashi,30.43,39.02,19.05,1.03,0.104,108.99,4,Maturation,30,MOISTURE_LOW
rdg-cmpiq-unram-esp32-02-0083,site-unram-pilot,bin-unram-bokashi-02,cmpiq-unram-esp32-02,batch-2026-08-bokashi-b,2026-09-07T14:00:00Z,83,bokashi,32.71,31.479999999999997,18.88,0.27,0.139,87.02,4,Maturation,30,MOISTURE_LOW
rdg-cmpiq-unram-esp32-02-0084,site-unram-pilot,bin-unram-bokashi-02,cmpiq-unram-esp32-02,batch-2026-08-bokashi-b,2026-09-07T20:00:00Z,84,bokashi,31.27,35.2,19.76,0.94,0.124,163.42,4,Maturation,30,MOISTURE_LOW
rdg-cmpiq-unram-esp32-02-0085,site-unram-pilot,bin-unram-bokashi-02,cmpiq-unram-esp32-02,batch-2026-08-bokashi-b,2026-09-08T02:00:00Z,85,bokashi,32.02,35.45,18.45,0.56,0.137,100.27,4,Maturation,29,MOISTURE_LOW
rdg-cmpiq-unram-esp32-02-0086,site-unram-pilot,bin-unram-bokashi-02,cmpiq-unram-esp32-02,batch-2026-08-bokashi-b,2026-09-08T08:00:00Z,86,bokashi,30.82,36.2,19.07,0.79,0.135,120.15,4,Maturation,29,MOISTURE_LOW
rdg-cmpiq-unram-esp32-02-0087,site-unram-pilot,bin-unram-bokashi-02,cmpiq-unram-esp32-02,batch-2026-08-bokashi-b,2026-09-08T14:00:00Z,87,bokashi,32.04,34.71,19.56,0.91,0.088,124.29,4,Maturation,29,MOISTURE_LOW
rdg-cmpiq-unram-esp32-02-0088,site-unram-pilot,bin-unram-bokashi-02,cmpiq-unram-esp32-02,batch-2026-08-bokashi-b,2026-09-08T20:00:00Z,88,bokashi,33.98,33.92,18.64,0.67,0.142,121.03,4,Maturation,29,MOISTURE_LOW
rdg-cmpiq-unram-esp32-02-0089,site-unram-pilot,bin-unram-bokashi-02,cmpiq-unram-esp32-02,batch-2026-08-bokashi-b,2026-09-09T02:00:00Z,89,bokashi,31.24,34.93,18.94,0.68,0.221,159.36,4,Maturation,28,MOISTURE_LOW
rdg-cmpiq-unram-esp32-02-0090,site-unram-pilot,bin-unram-bokashi-02,cmpiq-unram-esp32-02,batch-2026-08-bokashi-b,2026-09-09T08:00:00Z,90,bokashi,32.45,34.61,18.59,0.63,0.08,137.95,4,Maturation,28,MOISTURE_LOW
rdg-cmpiq-unram-esp32-02-0091,site-unram-pilot,bin-unram-bokashi-02,cmpiq-unram-esp32-02,batch-2026-08-bokashi-b,2026-09-09T14:00:00Z,91,bokashi,32.21,35.86,19.94,0.85,0.127,130.4,4,Maturation,28,MOISTURE_LOW
rdg-cmpiq-unram-esp32-02-0092,site-unram-pilot,bin-unram-bokashi-02,cmpiq-unram-esp32-02,batch-2026-08-bokashi-b,2026-09-09T20:00:00Z,92,bokashi,32.83,36.64,19.42,0.74,0.15,94.46,4,Maturation,28,MOISTURE_LOW
rdg-cmpiq-unram-esp32-02-0093,site-unram-pilot,bin-unram-bokashi-02,cmpiq-unram-esp32-02,batch-2026-08-bokashi-b,2026-09-10T02:00:00Z,93,bokashi,32.94,31.5,18.47,1.32,0.125,160.07,4,Maturation,27,MOISTURE_LOW
rdg-cmpiq-unram-esp32-02-0094,site-unram-pilot,bin-unram-bokashi-02,cmpiq-unram-esp32-02,batch-2026-08-bokashi-b,2026-09-10T08:00:00Z,94,bokashi,30.74,35.89,19.08,0.26,0.055,85.34,4,Maturation,27,MOISTURE_LOW
rdg-cmpiq-unram-esp32-02-0095,site-unram-pilot,bin-unram-bokashi-02,cmpiq-unram-esp32-02,batch-2026-08-bokashi-b,2026-09-10T14:00:00Z,95,bokashi,31.3,35.91,18.68,0.21,0.123,74.71,4,Maturation,27,MOISTURE_LOW
rdg-cmpiq-unram-esp32-02-0096,site-unram-pilot,bin-unram-bokashi-02,cmpiq-unram-esp32-02,batch-2026-08-bokashi-b,2026-09-10T20:00:00Z,96,bokashi,31.36,33.74,18.17,1.06,0.15,134.26,4,Maturation,27,MOISTURE_LOW
rdg-cmpiq-unram-esp32-02-0097,site-unram-pilot,bin-unram-bokashi-02,cmpiq-unram-esp32-02,batch-2026-08-bokashi-b,2026-09-11T02:00:00Z,97,bokashi,30.12,32.88,17.67,0.79,0.048,64.69,4,Maturation,26,MOISTURE_LOW
rdg-cmpiq-unram-esp32-02-0098,site-unram-pilot,bin-unram-bokashi-02,cmpiq-unram-esp32-02,batch-2026-08-bokashi-b,2026-09-11T08:00:00Z,98,bokashi,32.67,34.04,17.72,0.73,0.181,143.21,4,Maturation,26,MOISTURE_LOW
rdg-cmpiq-unram-esp32-02-0099,site-unram-pilot,bin-unram-bokashi-02,cmpiq-unram-esp32-02,batch-2026-08-bokashi-b,2026-09-11T14:00:00Z,99,bokashi,31.57,33.84,19.51,0.52,0.087,98.15,4,Maturation,26,MOISTURE_LOW
rdg-cmpiq-unram-esp32-02-0100,site-unram-pilot,bin-unram-bokashi-02,cmpiq-unram-esp32-02,batch-2026-08-bokashi-b,2026-09-11T20:00:00Z,100,bokashi,29.81,36.4,18.29,0.96,0.109,137.68,4,Maturation,26,MOISTURE_LOW
rdg-cmpiq-unram-esp32-02-0101,site-unram-pilot,bin-unram-bokashi-02,cmpiq-unram-esp32-02,batch-2026-08-bokashi-b,2026-09-12T02:00:00Z,101,bokashi,30.45,33.47,17.0,0.52,0.099,102.63,4,Maturation,25,MOISTURE_LOW
rdg-cmpiq-unram-esp32-02-0102,site-unram-pilot,bin-unram-bokashi-02,cmpiq-unram-esp32-02,batch-2026-08-bokashi-b,2026-09-12T08:00:00Z,102,bokashi,33.51,33.54,18.33,0.96,0.116,129.19,4,Maturation,25,MOISTURE_LOW
rdg-cmpiq-unram-esp32-02-0103,site-unram-pilot,bin-unram-bokashi-02,cmpiq-unram-esp32-02,batch-2026-08-bokashi-b,2026-09-12T14:00:00Z,103,bokashi,33.13,33.7,18.14,0.8,0.176,182.94,4,Maturation,25,MOISTURE_LOW
rdg-cmpiq-unram-esp32-02-0104,site-unram-pilot,bin-unram-bokashi-02,cmpiq-unram-esp32-02,batch-2026-08-bokashi-b,2026-09-12T20:00:00Z,104,bokashi,27.9,34.49,18.9,0.71,0.097,121.45,4,Maturation,25,MOISTURE_LOW
rdg-cmpiq-unram-esp32-02-0105,site-unram-pilot,bin-unram-bokashi-02,cmpiq-unram-esp32-02,batch-2026-08-bokashi-b,2026-09-13T02:00:00Z,105,bokashi,30.75,35.7,17.17,0.68,0.132,127.9,4,Maturation,24,MOISTURE_LOW
rdg-cmpiq-unram-esp32-02-0106,site-unram-pilot,bin-unram-bokashi-02,cmpiq-unram-esp32-02,batch-2026-08-bokashi-b,2026-09-13T08:00:00Z,106,bokashi,29.78,32.32,18.11,0.73,0.077,125.88,4,Maturation,24,MOISTURE_LOW
rdg-cmpiq-unram-esp32-02-0107,site-unram-pilot,bin-unram-bokashi-02,cmpiq-unram-esp32-02,batch-2026-08-bokashi-b,2026-09-13T14:00:00Z,107,bokashi,30.22,35.3,17.47,0.92,0.102,112.04,4,Maturation,24,MOISTURE_LOW
rdg-cmpiq-unram-esp32-02-0108,site-unram-pilot,bin-unram-bokashi-02,cmpiq-unram-esp32-02,batch-2026-08-bokashi-b,2026-09-13T20:00:00Z,108,bokashi,31.29,32.0,17.91,0.57,0.084,69.45,4,Maturation,24,MOISTURE_LOW
rdg-cmpiq-unram-esp32-02-0109,site-unram-pilot,bin-unram-bokashi-02,cmpiq-unram-esp32-02,batch-2026-08-bokashi-b,2026-09-14T02:00:00Z,109,bokashi,32.11,31.43,17.2,1.39,0.174,151.36,4,Maturation,23,MOISTURE_LOW
rdg-cmpiq-unram-esp32-02-0110,site-unram-pilot,bin-unram-bokashi-02,cmpiq-unram-esp32-02,batch-2026-08-bokashi-b,2026-09-14T08:00:00Z,110,bokashi,31.51,32.75,17.54,1.6,0.022,103.84,4,Maturation,23,MOISTURE_LOW
rdg-cmpiq-unram-esp32-02-0111,site-unram-pilot,bin-unram-bokashi-02,cmpiq-unram-esp32-02,batch-2026-08-bokashi-b,2026-09-14T14:00:00Z,111,bokashi,30.07,33.73,18.93,0.89,0.024,135.16,4,Maturation,23,MOISTURE_LOW
rdg-cmpiq-unram-esp32-02-0112,site-unram-pilot,bin-unram-bokashi-02,cmpiq-unram-esp32-02,batch-2026-08-bokashi-b,2026-09-14T20:00:00Z,112,bokashi,30.74,31.65,17.83,1.71,0.099,155.14,4,Maturation,23,MOISTURE_LOW
rdg-cmpiq-unram-esp32-02-0113,site-unram-pilot,bin-unram-bokashi-02,cmpiq-unram-esp32-02,batch-2026-08-bokashi-b,2026-09-15T02:00:00Z,113,bokashi,30.42,35.84,17.82,0.22,0.125,92.32,4,Maturation,22,MOISTURE_LOW
rdg-cmpiq-unram-esp32-02-0114,site-unram-pilot,bin-unram-bokashi-02,cmpiq-unram-esp32-02,batch-2026-08-bokashi-b,2026-09-15T08:00:00Z,114,bokashi,29.67,33.17,17.57,0.82,0.156,108.11,4,Maturation,22,MOISTURE_LOW
rdg-cmpiq-unram-esp32-02-0115,site-unram-pilot,bin-unram-bokashi-02,cmpiq-unram-esp32-02,batch-2026-08-bokashi-b,2026-09-15T14:00:00Z,115,bokashi,30.94,32.34,16.57,0.85,0.24,152.18,4,Maturation,22,MOISTURE_LOW
rdg-cmpiq-unram-esp32-02-0116,site-unram-pilot,bin-unram-bokashi-02,cmpiq-unram-esp32-02,batch-2026-08-bokashi-b,2026-09-15T20:00:00Z,116,bokashi,30.16,32.78,16.62,1.22,0.12,142.66,4,Maturation,22,MOISTURE_LOW
rdg-cmpiq-unram-esp32-02-0117,site-unram-pilot,bin-unram-bokashi-02,cmpiq-unram-esp32-02,batch-2026-08-bokashi-b,2026-09-16T02:00:00Z,117,bokashi,26.86,31.159999999999997,17.69,1.39,0.075,130.63,4,Maturation,21,MOISTURE_LOW
rdg-cmpiq-unram-esp32-02-0118,site-unram-pilot,bin-unram-bokashi-02,cmpiq-unram-esp32-02,batch-2026-08-bokashi-b,2026-09-16T08:00:00Z,118,bokashi,27.75,32.0,17.32,1.07,0.067,107.65,4,Maturation,21,MOISTURE_LOW
rdg-cmpiq-unram-esp32-02-0119,site-unram-pilot,bin-unram-bokashi-02,cmpiq-unram-esp32-02,batch-2026-08-bokashi-b,2026-09-16T14:00:00Z,119,bokashi,31.67,35.65,15.95,0.91,0.057,117.83,4,Maturation,21,MOISTURE_LOW
rdg-cmpiq-unram-esp32-02-0120,site-unram-pilot,bin-unram-bokashi-02,cmpiq-unram-esp32-02,batch-2026-08-bokashi-b,2026-09-16T20:00:00Z,120,bokashi,28.7,33.67,16.37,1.4,0.143,132.35,4,Maturation,21,MOISTURE_LOW
rdg-cmpiq-unram-esp32-02-0121,site-unram-pilot,bin-unram-bokashi-02,cmpiq-unram-esp32-02,batch-2026-08-bokashi-b,2026-09-17T02:00:00Z,121,bokashi,30.29,31.990000000000002,15.87,1.07,0.1,101.72,4,Maturation,20,MOISTURE_LOW
rdg-cmpiq-unram-esp32-02-0122,site-unram-pilot,bin-unram-bokashi-02,cmpiq-unram-esp32-02,batch-2026-08-bokashi-b,2026-09-17T08:00:00Z,122,bokashi,26.47,27.439999999999998,16.51,0.98,0.01,96.77,4,Maturation,20,MOISTURE_LOW
rdg-cmpiq-unram-esp32-02-0123,site-unram-pilot,bin-unram-bokashi-02,cmpiq-unram-esp32-02,batch-2026-08-bokashi-b,2026-09-17T14:00:00Z,123,bokashi,29.53,31.689999999999998,16.86,1.03,0.137,140.02,4,Maturation,20,MOISTURE_LOW
rdg-cmpiq-unram-esp32-02-0124,site-unram-pilot,bin-unram-bokashi-02,cmpiq-unram-esp32-02,batch-2026-08-bokashi-b,2026-09-17T20:00:00Z,124,bokashi,28.75,34.53,16.47,1.31,0.119,107.57,4,Maturation,20,MOISTURE_LOW
rdg-cmpiq-unram-esp32-02-0125,site-unram-pilot,bin-unram-bokashi-02,cmpiq-unram-esp32-02,batch-2026-08-bokashi-b,2026-09-18T02:00:00Z,125,bokashi,29.0,31.979999999999997,16.23,0.89,0.068,122.3,4,Maturation,19,MOISTURE_LOW
rdg-cmpiq-unram-esp32-02-0126,site-unram-pilot,bin-unram-bokashi-02,cmpiq-unram-esp32-02,batch-2026-08-bokashi-b,2026-09-18T08:00:00Z,126,bokashi,27.39,30.770000000000003,17.19,1.16,0.064,125.55,4,Maturation,19,MOISTURE_LOW
rdg-cmpiq-unram-esp32-02-0127,site-unram-pilot,bin-unram-bokashi-02,cmpiq-unram-esp32-02,batch-2026-08-bokashi-b,2026-09-18T14:00:00Z,127,bokashi,32.19,32.39,17.66,1.23,0.041,104.64,4,Maturation,19,MOISTURE_LOW
rdg-cmpiq-unram-esp32-02-0128,site-unram-pilot,bin-unram-bokashi-02,cmpiq-unram-esp32-02,batch-2026-08-bokashi-b,2026-09-18T20:00:00Z,128,bokashi,30.69,31.58,17.7,1.81,0.0,107.06,4,Maturation,19,MOISTURE_LOW
rdg-cmpiq-unram-esp32-02-0129,site-unram-pilot,bin-unram-bokashi-02,cmpiq-unram-esp32-02,batch-2026-08-bokashi-b,2026-09-19T02:00:00Z,129,bokashi,28.66,27.909999999999997,17.52,0.93,0.109,93.33,4,Maturation,18,MOISTURE_LOW
rdg-cmpiq-unram-esp32-02-0130,site-unram-pilot,bin-unram-bokashi-02,cmpiq-unram-esp32-02,batch-2026-08-bokashi-b,2026-09-19T08:00:00Z,130,bokashi,30.45,32.08,15.6,0.79,0.102,135.78,4,Maturation,18,MOISTURE_LOW
rdg-cmpiq-unram-esp32-02-0131,site-unram-pilot,bin-unram-bokashi-02,cmpiq-unram-esp32-02,batch-2026-08-bokashi-b,2026-09-19T14:00:00Z,131,bokashi,31.24,29.46,15.95,0.64,0.053,75.91,4,Maturation,18,MOISTURE_LOW
rdg-cmpiq-unram-esp32-02-0132,site-unram-pilot,bin-unram-bokashi-02,cmpiq-unram-esp32-02,batch-2026-08-bokashi-b,2026-09-19T20:00:00Z,132,bokashi,28.65,30.67,16.4,0.95,0.044,116.53,4,Maturation,18,MOISTURE_LOW
rdg-cmpiq-unram-esp32-02-0133,site-unram-pilot,bin-unram-bokashi-02,cmpiq-unram-esp32-02,batch-2026-08-bokashi-b,2026-09-20T02:00:00Z,133,bokashi,30.82,30.65,16.22,0.76,0.029,81.44,4,Maturation,17,MOISTURE_LOW
rdg-cmpiq-unram-esp32-02-0134,site-unram-pilot,bin-unram-bokashi-02,cmpiq-unram-esp32-02,batch-2026-08-bokashi-b,2026-09-20T08:00:00Z,134,bokashi,30.42,33.91,15.18,2.3,0.078,185.37,4,Maturation,17,MOISTURE_LOW
rdg-cmpiq-unram-esp32-02-0135,site-unram-pilot,bin-unram-bokashi-02,cmpiq-unram-esp32-02,batch-2026-08-bokashi-b,2026-09-20T14:00:00Z,135,bokashi,31.69,30.369999999999997,16.31,0.65,0.087,130.69,4,Maturation,17,MOISTURE_LOW
rdg-cmpiq-unram-esp32-02-0136,site-unram-pilot,bin-unram-bokashi-02,cmpiq-unram-esp32-02,batch-2026-08-bokashi-b,2026-09-20T20:00:00Z,136,bokashi,30.11,35.23,16.42,0.64,0.0,58.91,4,Maturation,17,MOISTURE_LOW
rdg-cmpiq-unram-esp32-02-0137,site-unram-pilot,bin-unram-bokashi-02,cmpiq-unram-esp32-02,batch-2026-08-bokashi-b,2026-09-21T02:00:00Z,137,bokashi,28.34,32.94,16.08,1.56,0.091,165.69,4,Maturation,16,MOISTURE_LOW
rdg-cmpiq-unram-esp32-02-0138,site-unram-pilot,bin-unram-bokashi-02,cmpiq-unram-esp32-02,batch-2026-08-bokashi-b,2026-09-21T08:00:00Z,138,bokashi,28.35,31.310000000000002,16.49,1.66,0.109,114.39,4,Maturation,16,MOISTURE_LOW
rdg-cmpiq-unram-esp32-02-0139,site-unram-pilot,bin-unram-bokashi-02,cmpiq-unram-esp32-02,batch-2026-08-bokashi-b,2026-09-21T14:00:00Z,139,bokashi,31.64,33.46,15.47,1.5,0.0,86.92,4,Maturation,16,MOISTURE_LOW
rdg-cmpiq-unram-esp32-02-0140,site-unram-pilot,bin-unram-bokashi-02,cmpiq-unram-esp32-02,batch-2026-08-bokashi-b,2026-09-21T20:00:00Z,140,bokashi,30.19,32.79,14.27,2.23,0.067,164.12,4,Maturation,16,MOISTURE_LOW
rdg-cmpiq-unram-esp32-02-0141,site-unram-pilot,bin-unram-bokashi-02,cmpiq-unram-esp32-02,batch-2026-08-bokashi-b,2026-09-22T02:00:00Z,141,bokashi,30.23,31.32,15.56,1.06,0.081,114.26,4,Maturation,15,MOISTURE_LOW
rdg-cmpiq-unram-esp32-02-0142,site-unram-pilot,bin-unram-bokashi-02,cmpiq-unram-esp32-02,batch-2026-08-bokashi-b,2026-09-22T08:00:00Z,142,bokashi,31.43,27.92,16.15,1.4,0.11,156.19,4,Maturation,15,MOISTURE_LOW
rdg-cmpiq-unram-esp32-02-0143,site-unram-pilot,bin-unram-bokashi-02,cmpiq-unram-esp32-02,batch-2026-08-bokashi-b,2026-09-22T14:00:00Z,143,bokashi,29.83,33.79,14.86,1.44,0.076,109.03,4,Maturation,15,MOISTURE_LOW
rdg-cmpiq-unram-esp32-02-0144,site-unram-pilot,bin-unram-bokashi-02,cmpiq-unram-esp32-02,batch-2026-08-bokashi-b,2026-09-22T20:00:00Z,144,bokashi,29.04,31.439999999999998,15.59,1.28,0.063,135.16,4,Maturation,15,MOISTURE_LOW
rdg-cmpiq-unram-esp32-02-0145,site-unram-pilot,bin-unram-bokashi-02,cmpiq-unram-esp32-02,batch-2026-08-bokashi-b,2026-09-23T02:00:00Z,145,bokashi,29.88,33.33,15.12,1.51,0.105,146.14,4,Maturation,14,MOISTURE_LOW
rdg-cmpiq-unram-esp32-02-0146,site-unram-pilot,bin-unram-bokashi-02,cmpiq-unram-esp32-02,batch-2026-08-bokashi-b,2026-09-23T08:00:00Z,146,bokashi,26.54,31.57,14.52,1.79,0.073,177.98,4,Maturation,14,MOISTURE_LOW
rdg-cmpiq-unram-esp32-02-0147,site-unram-pilot,bin-unram-bokashi-02,cmpiq-unram-esp32-02,batch-2026-08-bokashi-b,2026-09-23T14:00:00Z,147,bokashi,29.62,28.700000000000003,15.86,1.33,0.007,85.75,4,Maturation,14,MOISTURE_LOW
rdg-cmpiq-unram-esp32-02-0148,site-unram-pilot,bin-unram-bokashi-02,cmpiq-unram-esp32-02,batch-2026-08-bokashi-b,2026-09-23T20:00:00Z,148,bokashi,29.97,30.67,15.42,0.85,0.117,89.02,4,Maturation,14,MOISTURE_LOW
rdg-cmpiq-unram-esp32-02-0149,site-unram-pilot,bin-unram-bokashi-02,cmpiq-unram-esp32-02,batch-2026-08-bokashi-b,2026-09-24T02:00:00Z,149,bokashi,28.79,30.03,15.75,1.81,0.11,134.45,4,Maturation,13,MOISTURE_LOW
rdg-cmpiq-unram-esp32-02-0150,site-unram-pilot,bin-unram-bokashi-02,cmpiq-unram-esp32-02,batch-2026-08-bokashi-b,2026-09-24T08:00:00Z,150,bokashi,27.49,29.759999999999998,14.51,1.91,0.093,201.95,4,Maturation,13,MOISTURE_LOW
rdg-cmpiq-unram-esp32-02-0151,site-unram-pilot,bin-unram-bokashi-02,cmpiq-unram-esp32-02,batch-2026-08-bokashi-b,2026-09-24T14:00:00Z,151,bokashi,28.4,32.26,14.46,1.56,0.108,119.69,4,Maturation,13,MOISTURE_LOW
rdg-cmpiq-unram-esp32-02-0152,site-unram-pilot,bin-unram-bokashi-02,cmpiq-unram-esp32-02,batch-2026-08-bokashi-b,2026-09-24T20:00:00Z,152,bokashi,31.99,28.060000000000002,15.75,1.01,0.074,136.48,4,Maturation,13,MOISTURE_LOW
rdg-cmpiq-unram-esp32-02-0153,site-unram-pilot,bin-unram-bokashi-02,cmpiq-unram-esp32-02,batch-2026-08-bokashi-b,2026-09-25T02:00:00Z,153,bokashi,31.22,31.020000000000003,14.83,1.6,0.114,160.93,4,Maturation,12,MOISTURE_LOW
rdg-cmpiq-unram-esp32-02-0154,site-unram-pilot,bin-unram-bokashi-02,cmpiq-unram-esp32-02,batch-2026-08-bokashi-b,2026-09-25T08:00:00Z,154,bokashi,29.53,28.33,14.78,1.65,0.077,111.02,4,Maturation,12,MOISTURE_LOW
rdg-cmpiq-unram-esp32-02-0155,site-unram-pilot,bin-unram-bokashi-02,cmpiq-unram-esp32-02,batch-2026-08-bokashi-b,2026-09-25T14:00:00Z,155,bokashi,29.34,28.130000000000003,14.64,1.19,0.062,95.56,4,Maturation,12,MOISTURE_LOW
rdg-cmpiq-unram-esp32-02-0156,site-unram-pilot,bin-unram-bokashi-02,cmpiq-unram-esp32-02,batch-2026-08-bokashi-b,2026-09-25T20:00:00Z,156,bokashi,27.35,25.520000000000003,14.57,1.19,0.081,97.78,4,Maturation,12,MOISTURE_LOW
rdg-cmpiq-unram-esp32-02-0157,site-unram-pilot,bin-unram-bokashi-02,cmpiq-unram-esp32-02,batch-2026-08-bokashi-b,2026-09-26T02:00:00Z,157,bokashi,28.24,29.42,15.45,0.5,0.059,78.96,4,Maturation,11,MOISTURE_LOW
rdg-cmpiq-unram-esp32-02-0158,site-unram-pilot,bin-unram-bokashi-02,cmpiq-unram-esp32-02,batch-2026-08-bokashi-b,2026-09-26T08:00:00Z,158,bokashi,28.74,27.07,15.85,1.69,0.041,147.99,4,Maturation,11,MOISTURE_LOW
rdg-cmpiq-unram-esp32-02-0159,site-unram-pilot,bin-unram-bokashi-02,cmpiq-unram-esp32-02,batch-2026-08-bokashi-b,2026-09-26T14:00:00Z,159,bokashi,29.52,26.479999999999997,14.13,1.43,0.052,152.55,4,Maturation,11,MOISTURE_LOW
rdg-cmpiq-unram-esp32-02-0160,site-unram-pilot,bin-unram-bokashi-02,cmpiq-unram-esp32-02,batch-2026-08-bokashi-b,2026-09-26T20:00:00Z,160,bokashi,30.96,26.5,14.8,1.43,0.111,151.79,4,Maturation,11,MOISTURE_LOW
rdg-cmpiq-unram-esp32-02-0161,site-unram-pilot,bin-unram-bokashi-02,cmpiq-unram-esp32-02,batch-2026-08-bokashi-b,2026-09-27T02:00:00Z,161,bokashi,31.62,25.270000000000003,14.13,1.62,0.064,102.4,4,Maturation,10,MOISTURE_LOW
rdg-cmpiq-unram-esp32-02-0162,site-unram-pilot,bin-unram-bokashi-02,cmpiq-unram-esp32-02,batch-2026-08-bokashi-b,2026-09-27T08:00:00Z,162,bokashi,28.9,29.58,14.44,1.82,0.013,158.13,4,Maturation,10,MOISTURE_LOW
rdg-cmpiq-unram-esp32-02-0163,site-unram-pilot,bin-unram-bokashi-02,cmpiq-unram-esp32-02,batch-2026-08-bokashi-b,2026-09-27T14:00:00Z,163,bokashi,29.42,30.869999999999997,14.43,1.38,0.026,78.17,4,Maturation,10,MOISTURE_LOW
rdg-cmpiq-unram-esp32-02-0164,site-unram-pilot,bin-unram-bokashi-02,cmpiq-unram-esp32-02,batch-2026-08-bokashi-b,2026-09-27T20:00:00Z,164,bokashi,30.77,25.560000000000002,14.28,1.97,0.092,152.98,4,Maturation,10,MOISTURE_LOW
rdg-cmpiq-unram-esp32-02-0165,site-unram-pilot,bin-unram-bokashi-02,cmpiq-unram-esp32-02,batch-2026-08-bokashi-b,2026-09-28T02:00:00Z,165,bokashi,30.18,28.85,13.42,1.95,0.075,162.84,4,Maturation,9,MOISTURE_LOW
rdg-cmpiq-unram-esp32-02-0166,site-unram-pilot,bin-unram-bokashi-02,cmpiq-unram-esp32-02,batch-2026-08-bokashi-b,2026-09-28T08:00:00Z,166,bokashi,30.73,29.18,14.28,1.88,0.055,130.93,4,Maturation,9,MOISTURE_LOW
rdg-cmpiq-unram-esp32-02-0167,site-unram-pilot,bin-unram-bokashi-02,cmpiq-unram-esp32-02,batch-2026-08-bokashi-b,2026-09-28T14:00:00Z,167,bokashi,29.59,27.03,14.27,1.61,0.018,127.95,4,Maturation,9,MOISTURE_LOW
rdg-cmpiq-unram-esp32-02-0168,site-unram-pilot,bin-unram-bokashi-02,cmpiq-unram-esp32-02,batch-2026-08-bokashi-b,2026-09-28T20:00:00Z,168,bokashi,28.32,27.32,12.69,1.7,0.0,133.16,4,Maturation,9,MOISTURE_LOW
rdg-cmpiq-unram-esp32-02-0169,site-unram-pilot,bin-unram-bokashi-02,cmpiq-unram-esp32-02,batch-2026-08-bokashi-b,2026-09-29T02:00:00Z,169,bokashi,29.52,29.060000000000002,14.43,1.56,0.044,120.64,4,Maturation,8,MOISTURE_LOW
rdg-cmpiq-unram-esp32-02-0170,site-unram-pilot,bin-unram-bokashi-02,cmpiq-unram-esp32-02,batch-2026-08-bokashi-b,2026-09-29T08:00:00Z,170,bokashi,27.98,27.619999999999997,14.62,1.44,0.053,118.97,4,Maturation,8,MOISTURE_LOW
rdg-cmpiq-unram-esp32-02-0171,site-unram-pilot,bin-unram-bokashi-02,cmpiq-unram-esp32-02,batch-2026-08-bokashi-b,2026-09-29T14:00:00Z,171,bokashi,28.97,30.22,13.85,1.91,0.06,145.48,4,Maturation,8,MOISTURE_LOW
rdg-cmpiq-unram-esp32-02-0172,site-unram-pilot,bin-unram-bokashi-02,cmpiq-unram-esp32-02,batch-2026-08-bokashi-b,2026-09-29T20:00:00Z,172,bokashi,29.2,27.96,13.23,1.62,0.0,81.52,4,Maturation,8,MOISTURE_LOW
rdg-cmpiq-unram-esp32-02-0173,site-unram-pilot,bin-unram-bokashi-02,cmpiq-unram-esp32-02,batch-2026-08-bokashi-b,2026-09-30T02:00:00Z,173,bokashi,27.67,28.11,13.21,1.69,0.0,119.91,4,Maturation,7,MOISTURE_LOW
rdg-cmpiq-unram-esp32-02-0174,site-unram-pilot,bin-unram-bokashi-02,cmpiq-unram-esp32-02,batch-2026-08-bokashi-b,2026-09-30T08:00:00Z,174,bokashi,29.16,28.189999999999998,14.03,1.52,0.075,125.63,4,Maturation,7,MOISTURE_LOW
rdg-cmpiq-unram-esp32-02-0175,site-unram-pilot,bin-unram-bokashi-02,cmpiq-unram-esp32-02,batch-2026-08-bokashi-b,2026-09-30T14:00:00Z,175,bokashi,28.79,28.33,12.84,1.51,0.056,116.77,4,Maturation,7,MOISTURE_LOW
rdg-cmpiq-unram-esp32-02-0176,site-unram-pilot,bin-unram-bokashi-02,cmpiq-unram-esp32-02,batch-2026-08-bokashi-b,2026-09-30T20:00:00Z,176,bokashi,25.35,28.130000000000003,14.46,1.56,0.039,114.51,4,Maturation,7,MOISTURE_LOW
rdg-cmpiq-unram-esp32-02-0177,site-unram-pilot,bin-unram-bokashi-02,cmpiq-unram-esp32-02,batch-2026-08-bokashi-b,2026-10-01T02:00:00Z,177,bokashi,29.24,29.130000000000003,14.43,1.22,0.0,76.11,4,Maturation,6,MOISTURE_LOW
rdg-cmpiq-unram-esp32-02-0178,site-unram-pilot,bin-unram-bokashi-02,cmpiq-unram-esp32-02,batch-2026-08-bokashi-b,2026-10-01T08:00:00Z,178,bokashi,29.4,26.71,13.97,1.63,0.064,122.22,4,Maturation,6,MOISTURE_LOW
rdg-cmpiq-unram-esp32-02-0179,site-unram-pilot,bin-unram-bokashi-02,cmpiq-unram-esp32-02,batch-2026-08-bokashi-b,2026-10-01T14:00:00Z,179,bokashi,30.47,28.96,12.99,2.23,0.0,145.16,4,Maturation,6,MOISTURE_LOW
rdg-cmpiq-unram-esp32-02-0180,site-unram-pilot,bin-unram-bokashi-02,cmpiq-unram-esp32-02,batch-2026-08-bokashi-b,2026-10-01T20:00:00Z,180,bokashi,29.5,24.060000000000002,12.14,2.03,0.008,127.81,4,Maturation,6,MOISTURE_LOW
rdg-cmpiq-unram-esp32-02-0181,site-unram-pilot,bin-unram-bokashi-02,cmpiq-unram-esp32-02,batch-2026-08-bokashi-b,2026-10-02T02:00:00Z,181,bokashi,25.77,26.630000000000003,12.75,1.77,0.043,137.59,4,Maturation,5,MOISTURE_LOW
rdg-cmpiq-unram-esp32-02-0182,site-unram-pilot,bin-unram-bokashi-02,cmpiq-unram-esp32-02,batch-2026-08-bokashi-b,2026-10-02T08:00:00Z,182,bokashi,29.27,25.119999999999997,12.75,1.86,0.099,155.29,4,Maturation,5,MOISTURE_LOW
rdg-cmpiq-unram-esp32-02-0183,site-unram-pilot,bin-unram-bokashi-02,cmpiq-unram-esp32-02,batch-2026-08-bokashi-b,2026-10-02T14:00:00Z,183,bokashi,29.92,25.130000000000003,12.29,1.5,0.0,134.61,4,Maturation,5,MOISTURE_LOW
rdg-cmpiq-unram-esp32-02-0184,site-unram-pilot,bin-unram-bokashi-02,cmpiq-unram-esp32-02,batch-2026-08-bokashi-b,2026-10-02T20:00:00Z,184,bokashi,27.98,24.520000000000003,12.98,1.75,0.012,144.57,4,Maturation,5,MOISTURE_LOW
rdg-cmpiq-unram-esp32-02-0185,site-unram-pilot,bin-unram-bokashi-02,cmpiq-unram-esp32-02,batch-2026-08-bokashi-b,2026-10-03T02:00:00Z,185,bokashi,28.85,28.729999999999997,13.91,1.84,0.026,118.75,4,Maturation,4,MOISTURE_LOW
rdg-cmpiq-unram-esp32-02-0186,site-unram-pilot,bin-unram-bokashi-02,cmpiq-unram-esp32-02,batch-2026-08-bokashi-b,2026-10-03T08:00:00Z,186,bokashi,27.41,29.409999999999997,13.6,1.95,0.068,162.31,4,Maturation,4,MOISTURE_LOW
rdg-cmpiq-unram-esp32-02-0187,site-unram-pilot,bin-unram-bokashi-02,cmpiq-unram-esp32-02,batch-2026-08-bokashi-b,2026-10-03T14:00:00Z,187,bokashi,28.85,27.28,12.88,1.89,0.002,148.08,4,Maturation,4,MOISTURE_LOW
rdg-cmpiq-unram-esp32-02-0188,site-unram-pilot,bin-unram-bokashi-02,cmpiq-unram-esp32-02,batch-2026-08-bokashi-b,2026-10-03T20:00:00Z,188,bokashi,26.87,26.47,12.31,1.63,0.009,126.17,4,Maturation,4,MOISTURE_LOW
rdg-cmpiq-unram-esp32-02-0189,site-unram-pilot,bin-unram-bokashi-02,cmpiq-unram-esp32-02,batch-2026-08-bokashi-b,2026-10-04T02:00:00Z,189,bokashi,27.04,28.78,12.45,1.71,0.0,146.31,4,Maturation,3,MOISTURE_LOW
rdg-cmpiq-unram-esp32-02-0190,site-unram-pilot,bin-unram-bokashi-02,cmpiq-unram-esp32-02,batch-2026-08-bokashi-b,2026-10-04T08:00:00Z,190,bokashi,28.53,25.840000000000003,11.78,2.18,0.0,99.22,4,Maturation,3,MOISTURE_LOW
rdg-cmpiq-unram-esp32-02-0191,site-unram-pilot,bin-unram-bokashi-02,cmpiq-unram-esp32-02,batch-2026-08-bokashi-b,2026-10-04T14:00:00Z,191,bokashi,25.25,28.14,13.66,1.4,0.0,83.68,4,Maturation,3,MOISTURE_LOW
rdg-cmpiq-unram-esp32-02-0192,site-unram-pilot,bin-unram-bokashi-02,cmpiq-unram-esp32-02,batch-2026-08-bokashi-b,2026-10-04T20:00:00Z,192,bokashi,27.88,28.08,13.59,1.96,0.0,76.78,4,Maturation,3,MOISTURE_LOW
rdg-cmpiq-unram-esp32-02-0193,site-unram-pilot,bin-unram-bokashi-02,cmpiq-unram-esp32-02,batch-2026-08-bokashi-b,2026-10-05T02:00:00Z,193,bokashi,27.71,25.25,12.42,1.68,0.033,108.84,4,Maturation,2,MOISTURE_LOW
rdg-cmpiq-unram-esp32-02-0194,site-unram-pilot,bin-unram-bokashi-02,cmpiq-unram-esp32-02,batch-2026-08-bokashi-b,2026-10-05T08:00:00Z,194,bokashi,27.57,25.049999999999997,13.51,2.38,0.0,140.47,4,Maturation,2,MOISTURE_LOW
rdg-cmpiq-unram-esp32-02-0195,site-unram-pilot,bin-unram-bokashi-02,cmpiq-unram-esp32-02,batch-2026-08-bokashi-b,2026-10-05T14:00:00Z,195,bokashi,30.19,26.5,11.86,2.73,0.0,160.86,4,Maturation,2,MOISTURE_LOW
rdg-cmpiq-unram-esp32-02-0196,site-unram-pilot,bin-unram-bokashi-02,cmpiq-unram-esp32-02,batch-2026-08-bokashi-b,2026-10-05T20:00:00Z,196,bokashi,29.11,24.700000000000003,13.0,1.94,0.0,103.63,4,Maturation,2,MOISTURE_LOW
rdg-cmpiq-unram-esp32-02-0197,site-unram-pilot,bin-unram-bokashi-02,cmpiq-unram-esp32-02,batch-2026-08-bokashi-b,2026-10-06T02:00:00Z,197,bokashi,30.51,23.36,12.12,2.17,0.0,180.32,4,Maturation,1,MOISTURE_LOW
rdg-cmpiq-unram-esp32-02-0198,site-unram-pilot,bin-unram-bokashi-02,cmpiq-unram-esp32-02,batch-2026-08-bokashi-b,2026-10-06T08:00:00Z,198,bokashi,26.32,26.78,11.49,1.84,0.011,144.63,4,Maturation,1,MOISTURE_LOW
rdg-cmpiq-unram-esp32-02-0199,site-unram-pilot,bin-unram-bokashi-02,cmpiq-unram-esp32-02,batch-2026-08-bokashi-b,2026-10-06T14:00:00Z,199,bokashi,26.15,23.700000000000003,11.0,2.14,0.0,108.49,4,Maturation,1,MOISTURE_LOW
rdg-cmpiq-unram-esp32-02-0200,site-unram-pilot,bin-unram-bokashi-02,cmpiq-unram-esp32-02,batch-2026-08-bokashi-b,2026-10-06T20:00:00Z,200,bokashi,27.67,24.83,12.79,1.48,0.0,107.82,4,Maturation,1,MOISTURE_LOW
rdg-cmpiq-smk-esp32-01-0001,site-smk-lombok-01,bin-smk-aerated-01,cmpiq-smk-esp32-01,batch-2026-08-aerated-c,2026-08-18T04:00:00Z,1,aerated_static_pile,27.76,63.81,14.46,0.24,0.093,82.59,0,Early Mesophilic,48,
rdg-cmpiq-smk-esp32-01-0002,site-smk-lombok-01,bin-smk-aerated-01,cmpiq-smk-esp32-01,batch-2026-08-aerated-c,2026-08-18T10:00:00Z,2,aerated_static_pile,32.58,66.33,13.84,1.18,0.119,151.78,0,Early Mesophilic,48,
rdg-cmpiq-smk-esp32-01-0003,site-smk-lombok-01,bin-smk-aerated-01,cmpiq-smk-esp32-01,batch-2026-08-aerated-c,2026-08-18T16:00:00Z,3,aerated_static_pile,31.72,64.42,12.21,1.45,0.075,162.46,0,Early Mesophilic,48,
rdg-cmpiq-smk-esp32-01-0004,site-smk-lombok-01,bin-smk-aerated-01,cmpiq-smk-esp32-01,batch-2026-08-aerated-c,2026-08-18T22:00:00Z,4,aerated_static_pile,35.5,62.47,12.18,1.75,0.161,139.03,0,Early Mesophilic,48,
rdg-cmpiq-smk-esp32-01-0005,site-smk-lombok-01,bin-smk-aerated-01,cmpiq-smk-esp32-01,batch-2026-08-aerated-c,2026-08-19T04:00:00Z,5,aerated_static_pile,36.65,62.01,11.44,2.26,0.15,171.83,0,Early Mesophilic,47,
rdg-cmpiq-smk-esp32-01-0006,site-smk-lombok-01,bin-smk-aerated-01,cmpiq-smk-esp32-01,batch-2026-08-aerated-c,2026-08-19T10:00:00Z,6,aerated_static_pile,38.67,64.83,9.97,2.57,0.238,216.49,0,Early Mesophilic,47,
rdg-cmpiq-smk-esp32-01-0007,site-smk-lombok-01,bin-smk-aerated-01,cmpiq-smk-esp32-01,batch-2026-08-aerated-c,2026-08-19T16:00:00Z,7,aerated_static_pile,39.55,61.34,9.21,2.64,0.271,230.97,0,Early Mesophilic,47,
rdg-cmpiq-smk-esp32-01-0008,site-smk-lombok-01,bin-smk-aerated-01,cmpiq-smk-esp32-01,batch-2026-08-aerated-c,2026-08-19T22:00:00Z,8,aerated_static_pile,44.16,59.09,8.07,3.03,0.257,224.35,0,Early Mesophilic,47,
rdg-cmpiq-smk-esp32-01-0009,site-smk-lombok-01,bin-smk-aerated-01,cmpiq-smk-esp32-01,batch-2026-08-aerated-c,2026-08-20T04:00:00Z,9,aerated_static_pile,44.33,60.11,3.2,2.84,0.178,348.81,1,Active Thermophilic,46,ANAEROBIC_RISK
rdg-cmpiq-smk-esp32-01-0010,site-smk-lombok-01,bin-smk-aerated-01,cmpiq-smk-esp32-01,batch-2026-08-aerated-c,2026-08-20T10:00:00Z,10,aerated_static_pile,46.7,59.58,3.2,3.12,0.339,378.96000000000004,1,Active Thermophilic,46,ANAEROBIC_RISK
rdg-cmpiq-smk-esp32-01-0011,site-smk-lombok-01,bin-smk-aerated-01,cmpiq-smk-esp32-01,batch-2026-08-aerated-c,2026-08-20T16:00:00Z,11,aerated_static_pile,49.49,59.79,3.2,3.55,0.312,441.28,1,Active Thermophilic,46,ANAEROBIC_RISK
rdg-cmpiq-smk-esp32-01-0012,site-smk-lombok-01,bin-smk-aerated-01,cmpiq-smk-esp32-01,batch-2026-08-aerated-c,2026-08-20T22:00:00Z,12,aerated_static_pile,47.69,61.09,3.2,2.87,0.371,449.97,1,Active Thermophilic,46,ANAEROBIC_RISK
rdg-cmpiq-smk-esp32-01-0013,site-smk-lombok-01,bin-smk-aerated-01,cmpiq-smk-esp32-01,batch-2026-08-aerated-c,2026-08-21T04:00:00Z,13,aerated_static_pile,48.38,57.11,3.2,3.41,0.424,457.64,1,Active Thermophilic,45,ANAEROBIC_RISK
rdg-cmpiq-smk-esp32-01-0014,site-smk-lombok-01,bin-smk-aerated-01,cmpiq-smk-esp32-01,batch-2026-08-aerated-c,2026-08-21T10:00:00Z,14,aerated_static_pile,49.94,58.89,3.2,3.73,0.428,462.39,1,Active Thermophilic,45,ANAEROBIC_RISK
rdg-cmpiq-smk-esp32-01-0015,site-smk-lombok-01,bin-smk-aerated-01,cmpiq-smk-esp32-01,batch-2026-08-aerated-c,2026-08-21T16:00:00Z,15,aerated_static_pile,47.51,57.88,3.2,4.62,0.325,453.8,1,Active Thermophilic,45,ANAEROBIC_RISK
rdg-cmpiq-smk-esp32-01-0016,site-smk-lombok-01,bin-smk-aerated-01,cmpiq-smk-esp32-01,batch-2026-08-aerated-c,2026-08-21T22:00:00Z,16,aerated_static_pile,54.85,57.26,3.2,4.37,0.353,474.96,1,Active Thermophilic,45,ANAEROBIC_RISK
rdg-cmpiq-smk-esp32-01-0017,site-smk-lombok-01,bin-smk-aerated-01,cmpiq-smk-esp32-01,batch-2026-08-aerated-c,2026-08-22T04:00:00Z,17,aerated_static_pile,53.68,59.58,3.2,4.64,0.54,527.85,1,Active Thermophilic,44,ANAEROBIC_RISK
rdg-cmpiq-smk-esp32-01-0018,site-smk-lombok-01,bin-smk-aerated-01,cmpiq-smk-esp32-01,batch-2026-08-aerated-c,2026-08-22T10:00:00Z,18,aerated_static_pile,56.72,56.67,3.2,5.42,0.46,561.56,1,Active Thermophilic,44,ANAEROBIC_RISK
rdg-cmpiq-smk-esp32-01-0019,site-smk-lombok-01,bin-smk-aerated-01,cmpiq-smk-esp32-01,batch-2026-08-aerated-c,2026-08-22T16:00:00Z,19,aerated_static_pile,52.09,58.29,3.2,4.76,0.498,538.3399999999999,1,Active Thermophilic,44,ANAEROBIC_RISK
rdg-cmpiq-smk-esp32-01-0020,site-smk-lombok-01,bin-smk-aerated-01,cmpiq-smk-esp32-01,batch-2026-08-aerated-c,2026-08-22T22:00:00Z,20,aerated_static_pile,54.7,57.77,3.2,5.8,0.555,578.8,1,Active Thermophilic,44,ANAEROBIC_RISK
rdg-cmpiq-smk-esp32-01-0021,site-smk-lombok-01,bin-smk-aerated-01,cmpiq-smk-esp32-01,batch-2026-08-aerated-c,2026-08-23T04:00:00Z,21,aerated_static_pile,56.81,53.71,3.2,5.69,0.596,584.45,1,Active Thermophilic,43,ANAEROBIC_RISK
rdg-cmpiq-smk-esp32-01-0022,site-smk-lombok-01,bin-smk-aerated-01,cmpiq-smk-esp32-01,batch-2026-08-aerated-c,2026-08-23T10:00:00Z,22,aerated_static_pile,59.32,54.11,3.2,5.56,0.628,613.06,1,Active Thermophilic,43,ANAEROBIC_RISK
rdg-cmpiq-smk-esp32-01-0023,site-smk-lombok-01,bin-smk-aerated-01,cmpiq-smk-esp32-01,batch-2026-08-aerated-c,2026-08-23T16:00:00Z,23,aerated_static_pile,60.0,56.63,3.2,5.89,0.626,619.36,1,Active Thermophilic,43,ANAEROBIC_RISK
rdg-cmpiq-smk-esp32-01-0024,site-smk-lombok-01,bin-smk-aerated-01,cmpiq-smk-esp32-01,batch-2026-08-aerated-c,2026-08-23T22:00:00Z,24,aerated_static_pile,62.53,54.58,3.2,6.31,0.701,636.97,1,Active Thermophilic,43,ANAEROBIC_RISK
rdg-cmpiq-smk-esp32-01-0025,site-smk-lombok-01,bin-smk-aerated-01,cmpiq-smk-esp32-01,batch-2026-08-aerated-c,2026-08-24T04:00:00Z,25,aerated_static_pile,59.5,57.35,3.2,6.37,0.715,637.23,2,Peak Decomposition,42,ANAEROBIC_RISK
rdg-cmpiq-smk-esp32-01-0026,site-smk-lombok-01,bin-smk-aerated-01,cmpiq-smk-esp32-01,batch-2026-08-aerated-c,2026-08-24T10:00:00Z,26,aerated_static_pile,57.27,55.95,3.2,6.27,0.659,604.54,2,Peak Decomposition,42,ANAEROBIC_RISK
rdg-cmpiq-smk-esp32-01-0027,site-smk-lombok-01,bin-smk-aerated-01,cmpiq-smk-esp32-01,batch-2026-08-aerated-c,2026-08-24T16:00:00Z,27,aerated_static_pile,57.62,57.55,3.2,6.96,0.749,666.03,2,Peak Decomposition,42,ANAEROBIC_RISK
rdg-cmpiq-smk-esp32-01-0028,site-smk-lombok-01,bin-smk-aerated-01,cmpiq-smk-esp32-01,batch-2026-08-aerated-c,2026-08-24T22:00:00Z,28,aerated_static_pile,61.22,57.41,3.2,6.4,0.769,646.0899999999999,2,Peak Decomposition,42,ANAEROBIC_RISK
rdg-cmpiq-smk-esp32-01-0029,site-smk-lombok-01,bin-smk-aerated-01,cmpiq-smk-esp32-01,batch-2026-08-aerated-c,2026-08-25T04:00:00Z,29,aerated_static_pile,59.48,54.86,3.2,7.69,0.725,670.21,2,Peak Decomposition,41,ANAEROBIC_RISK
rdg-cmpiq-smk-esp32-01-0030,site-smk-lombok-01,bin-smk-aerated-01,cmpiq-smk-esp32-01,batch-2026-08-aerated-c,2026-08-25T10:00:00Z,30,aerated_static_pile,59.42,56.45,3.2,6.77,0.826,726.12,2,Peak Decomposition,41,ANAEROBIC_RISK
rdg-cmpiq-smk-esp32-01-0031,site-smk-lombok-01,bin-smk-aerated-01,cmpiq-smk-esp32-01,batch-2026-08-aerated-c,2026-08-25T16:00:00Z,31,aerated_static_pile,57.24,55.8,3.2,7.38,0.812,727.02,2,Peak Decomposition,41,ANAEROBIC_RISK
rdg-cmpiq-smk-esp32-01-0032,site-smk-lombok-01,bin-smk-aerated-01,cmpiq-smk-esp32-01,batch-2026-08-aerated-c,2026-08-25T22:00:00Z,32,aerated_static_pile,59.41,55.25,3.2,8.29,0.824,730.5,2,Peak Decomposition,41,ANAEROBIC_RISK
rdg-cmpiq-smk-esp32-01-0033,site-smk-lombok-01,bin-smk-aerated-01,cmpiq-smk-esp32-01,batch-2026-08-aerated-c,2026-08-26T04:00:00Z,33,aerated_static_pile,61.74,57.1,3.2,7.57,0.895,754.39,2,Peak Decomposition,40,ANAEROBIC_RISK
rdg-cmpiq-smk-esp32-01-0034,site-smk-lombok-01,bin-smk-aerated-01,cmpiq-smk-esp32-01,batch-2026-08-aerated-c,2026-08-26T10:00:00Z,34,aerated_static_pile,59.98,55.9,3.2,7.61,0.775,699.66,2,Peak Decomposition,40,ANAEROBIC_RISK
rdg-cmpiq-smk-esp32-01-0035,site-smk-lombok-01,bin-smk-aerated-01,cmpiq-smk-esp32-01,batch-2026-08-aerated-c,2026-08-26T16:00:00Z,35,aerated_static_pile,63.45,54.54,3.18,7.82,0.818,746.82,2,Peak Decomposition,40,ANAEROBIC_RISK
rdg-cmpiq-smk-esp32-01-0036,site-smk-lombok-01,bin-smk-aerated-01,cmpiq-smk-esp32-01,batch-2026-08-aerated-c,2026-08-26T22:00:00Z,36,aerated_static_pile,61.28,52.33,3.2,8.66,0.829,751.71,2,Peak Decomposition,40,ANAEROBIC_RISK
rdg-cmpiq-smk-esp32-01-0037,site-smk-lombok-01,bin-smk-aerated-01,cmpiq-smk-esp32-01,batch-2026-08-aerated-c,2026-08-27T04:00:00Z,37,aerated_static_pile,61.82,51.97,2.88,8.04,0.925,759.07,2,Peak Decomposition,39,ANAEROBIC_RISK
rdg-cmpiq-smk-esp32-01-0038,site-smk-lombok-01,bin-smk-aerated-01,cmpiq-smk-esp32-01,batch-2026-08-aerated-c,2026-08-27T10:00:00Z,38,aerated_static_pile,62.61,53.77,2.99,8.4,0.933,801.69,2,Peak Decomposition,39,ANAEROBIC_RISK
rdg-cmpiq-smk-esp32-01-0039,site-smk-lombok-01,bin-smk-aerated-01,cmpiq-smk-esp32-01,batch-2026-08-aerated-c,2026-08-27T16:00:00Z,39,aerated_static_pile,65.02,53.91,3.0,8.97,0.909,819.81,2,Peak Decomposition,39,ANAEROBIC_RISK
rdg-cmpiq-smk-esp32-01-0040,site-smk-lombok-01,bin-smk-aerated-01,cmpiq-smk-esp32-01,batch-2026-08-aerated-c,2026-08-27T22:00:00Z,40,aerated_static_pile,63.61,51.82,3.07,9.35,0.896,792.43,2,Peak Decomposition,39,ANAEROBIC_RISK
rdg-cmpiq-smk-esp32-01-0041,site-smk-lombok-01,bin-smk-aerated-01,cmpiq-smk-esp32-01,batch-2026-08-aerated-c,2026-08-28T04:00:00Z,41,aerated_static_pile,62.87,50.78,1.57,9.52,0.915,817.37,2,Peak Decomposition,38,ANAEROBIC_RISK
rdg-cmpiq-smk-esp32-01-0042,site-smk-lombok-01,bin-smk-aerated-01,cmpiq-smk-esp32-01,batch-2026-08-aerated-c,2026-08-28T10:00:00Z,42,aerated_static_pile,63.37,49.57,1.32,9.44,1.0,836.65,2,Peak Decomposition,38,ANAEROBIC_RISK
rdg-cmpiq-smk-esp32-01-0043,site-smk-lombok-01,bin-smk-aerated-01,cmpiq-smk-esp32-01,batch-2026-08-aerated-c,2026-08-28T16:00:00Z,43,aerated_static_pile,65.38,47.81,1.69,9.47,0.932,795.95,2,Peak Decomposition,38,ANAEROBIC_RISK
rdg-cmpiq-smk-esp32-01-0044,site-smk-lombok-01,bin-smk-aerated-01,cmpiq-smk-esp32-01,batch-2026-08-aerated-c,2026-08-28T22:00:00Z,44,aerated_static_pile,65.83,46.01,2.14,9.66,0.965,798.31,2,Peak Decomposition,38,ANAEROBIC_RISK
rdg-cmpiq-smk-esp32-01-0045,site-smk-lombok-01,bin-smk-aerated-01,cmpiq-smk-esp32-01,batch-2026-08-aerated-c,2026-08-29T04:00:00Z,45,aerated_static_pile,63.34,55.58,3.2,2.24,0.66,493.02,3,Cooling,37,ANAEROBIC_RISK
rdg-cmpiq-smk-esp32-01-0046,site-smk-lombok-01,bin-smk-aerated-01,cmpiq-smk-esp32-01,batch-2026-08-aerated-c,2026-08-29T10:00:00Z,46,aerated_static_pile,58.51,55.04,3.2,1.78,0.574,425.67,3,Cooling,37,ANAEROBIC_RISK
rdg-cmpiq-smk-esp32-01-0047,site-smk-lombok-01,bin-smk-aerated-01,cmpiq-smk-esp32-01,batch-2026-08-aerated-c,2026-08-29T16:00:00Z,47,aerated_static_pile,58.68,54.15,3.2,2.97,0.653,483.71,3,Cooling,37,ANAEROBIC_RISK
rdg-cmpiq-smk-esp32-01-0048,site-smk-lombok-01,bin-smk-aerated-01,cmpiq-smk-esp32-01,batch-2026-08-aerated-c,2026-08-29T22:00:00Z,48,aerated_static_pile,53.88,52.83,3.2,2.38,0.572,434.58,3,Cooling,37,ANAEROBIC_RISK
rdg-cmpiq-smk-esp32-01-0049,site-smk-lombok-01,bin-smk-aerated-01,cmpiq-smk-esp32-01,batch-2026-08-aerated-c,2026-08-30T04:00:00Z,49,aerated_static_pile,56.3,55.18,3.2,2.47,0.531,475.95,3,Cooling,36,ANAEROBIC_RISK
rdg-cmpiq-smk-esp32-01-0050,site-smk-lombok-01,bin-smk-aerated-01,cmpiq-smk-esp32-01,batch-2026-08-aerated-c,2026-08-30T10:00:00Z,50,aerated_static_pile,54.37,54.12,3.2,2.55,0.495,428.84,3,Cooling,36,ANAEROBIC_RISK
rdg-cmpiq-smk-esp32-01-0051,site-smk-lombok-01,bin-smk-aerated-01,cmpiq-smk-esp32-01,batch-2026-08-aerated-c,2026-08-30T16:00:00Z,51,aerated_static_pile,53.77,53.26,3.2,3.66,0.495,489.11,3,Cooling,36,ANAEROBIC_RISK
rdg-cmpiq-smk-esp32-01-0052,site-smk-lombok-01,bin-smk-aerated-01,cmpiq-smk-esp32-01,batch-2026-08-aerated-c,2026-08-30T22:00:00Z,52,aerated_static_pile,52.85,49.65,3.2,3.26,0.522,455.47,3,Cooling,36,ANAEROBIC_RISK
rdg-cmpiq-smk-esp32-01-0053,site-smk-lombok-01,bin-smk-aerated-01,cmpiq-smk-esp32-01,batch-2026-08-aerated-c,2026-08-31T04:00:00Z,53,aerated_static_pile,50.26,50.32,3.2,2.51,0.444,434.29,3,Cooling,35,ANAEROBIC_RISK
rdg-cmpiq-smk-esp32-01-0054,site-smk-lombok-01,bin-smk-aerated-01,cmpiq-smk-esp32-01,batch-2026-08-aerated-c,2026-08-31T10:00:00Z,54,aerated_static_pile,50.63,51.58,3.2,3.35,0.453,475.6,3,Cooling,35,ANAEROBIC_RISK
rdg-cmpiq-smk-esp32-01-0055,site-smk-lombok-01,bin-smk-aerated-01,cmpiq-smk-esp32-01,batch-2026-08-aerated-c,2026-08-31T16:00:00Z,55,aerated_static_pile,47.94,51.34,3.2,3.27,0.384,451.52,3,Cooling,35,ANAEROBIC_RISK
rdg-cmpiq-smk-esp32-01-0056,site-smk-lombok-01,bin-smk-aerated-01,cmpiq-smk-esp32-01,batch-2026-08-aerated-c,2026-08-31T22:00:00Z,56,aerated_static_pile,49.39,50.34,3.2,3.39,0.441,461.11,3,Cooling,35,ANAEROBIC_RISK
rdg-cmpiq-smk-esp32-01-0057,site-smk-lombok-01,bin-smk-aerated-01,cmpiq-smk-esp32-01,batch-2026-08-aerated-c,2026-09-01T04:00:00Z,57,aerated_static_pile,46.4,51.44,3.2,3.88,0.437,490.96,3,Cooling,34,ANAEROBIC_RISK
rdg-cmpiq-smk-esp32-01-0058,site-smk-lombok-01,bin-smk-aerated-01,cmpiq-smk-esp32-01,batch-2026-08-aerated-c,2026-09-01T10:00:00Z,58,aerated_static_pile,47.95,49.08,3.2,4.13,0.449,533.97,3,Cooling,34,ANAEROBIC_RISK
rdg-cmpiq-smk-esp32-01-0059,site-smk-lombok-01,bin-smk-aerated-01,cmpiq-smk-esp32-01,batch-2026-08-aerated-c,2026-09-01T16:00:00Z,59,aerated_static_pile,45.81,49.76,3.2,3.99,0.422,444.85,3,Cooling,34,ANAEROBIC_RISK
rdg-cmpiq-smk-esp32-01-0060,site-smk-lombok-01,bin-smk-aerated-01,cmpiq-smk-esp32-01,batch-2026-08-aerated-c,2026-09-01T22:00:00Z,60,aerated_static_pile,44.3,48.44,3.2,4.11,0.416,485.09,3,Cooling,34,ANAEROBIC_RISK
rdg-cmpiq-smk-esp32-01-0061,site-smk-lombok-01,bin-smk-aerated-01,cmpiq-smk-esp32-01,batch-2026-08-aerated-c,2026-09-02T04:00:00Z,61,aerated_static_pile,42.23,47.12,3.2,3.89,0.361,463.65,3,Cooling,33,ANAEROBIC_RISK
rdg-cmpiq-smk-esp32-01-0062,site-smk-lombok-01,bin-smk-aerated-01,cmpiq-smk-esp32-01,batch-2026-08-aerated-c,2026-09-02T10:00:00Z,62,aerated_static_pile,36.59,51.3,3.2,4.32,0.396,496.25,3,Cooling,33,ANAEROBIC_RISK
rdg-cmpiq-smk-esp32-01-0063,site-smk-lombok-01,bin-smk-aerated-01,cmpiq-smk-esp32-01,batch-2026-08-aerated-c,2026-09-02T16:00:00Z,63,aerated_static_pile,37.82,49.11,3.2,4.98,0.286,459.54,3,Cooling,33,ANAEROBIC_RISK
rdg-cmpiq-smk-esp32-01-0064,site-smk-lombok-01,bin-smk-aerated-01,cmpiq-smk-esp32-01,batch-2026-08-aerated-c,2026-09-02T22:00:00Z,64,aerated_static_pile,38.4,49.43,3.2,4.76,0.294,445.3,3,Cooling,33,ANAEROBIC_RISK
rdg-cmpiq-smk-esp32-01-0065,site-smk-lombok-01,bin-smk-aerated-01,cmpiq-smk-esp32-01,batch-2026-08-aerated-c,2026-09-03T04:00:00Z,65,aerated_static_pile,37.38,49.28,3.2,5.81,0.324,504.95,3,Cooling,32,ANAEROBIC_RISK
rdg-cmpiq-smk-esp32-01-0066,site-smk-lombok-01,bin-smk-aerated-01,cmpiq-smk-esp32-01,batch-2026-08-aerated-c,2026-09-03T10:00:00Z,66,aerated_static_pile,35.61,43.57,3.2,4.83,0.222,478.71,3,Cooling,32,ANAEROBIC_RISK
rdg-cmpiq-smk-esp32-01-0067,site-smk-lombok-01,bin-smk-aerated-01,cmpiq-smk-esp32-01,batch-2026-08-aerated-c,2026-09-03T16:00:00Z,67,aerated_static_pile,36.41,46.47,3.2,6.09,0.209,557.12,3,Cooling,32,ANAEROBIC_RISK
rdg-cmpiq-smk-esp32-01-0068,site-smk-lombok-01,bin-smk-aerated-01,cmpiq-smk-esp32-01,batch-2026-08-aerated-c,2026-09-03T22:00:00Z,68,aerated_static_pile,35.98,47.59,3.2,5.29,0.291,467.27,3,Cooling,32,ANAEROBIC_RISK
rdg-cmpiq-smk-esp32-01-0069,site-smk-lombok-01,bin-smk-aerated-01,cmpiq-smk-esp32-01,batch-2026-08-aerated-c,2026-09-04T04:00:00Z,69,aerated_static_pile,32.63,45.29,3.2,5.29,0.251,482.33,3,Cooling,31,ANAEROBIC_RISK
rdg-cmpiq-smk-esp32-01-0070,site-smk-lombok-01,bin-smk-aerated-01,cmpiq-smk-esp32-01,batch-2026-08-aerated-c,2026-09-04T10:00:00Z,70,aerated_static_pile,32.31,44.89,3.2,5.43,0.216,475.28,3,Cooling,31,ANAEROBIC_RISK
rdg-cmpiq-smk-esp32-01-0071,site-smk-lombok-01,bin-smk-aerated-01,cmpiq-smk-esp32-01,batch-2026-08-aerated-c,2026-09-04T16:00:00Z,71,aerated_static_pile,31.08,46.7,3.2,6.15,0.182,519.02,3,Cooling,31,ANAEROBIC_RISK
rdg-cmpiq-smk-esp32-01-0072,site-smk-lombok-01,bin-smk-aerated-01,cmpiq-smk-esp32-01,batch-2026-08-aerated-c,2026-09-04T22:00:00Z,72,aerated_static_pile,30.95,43.86,3.2,5.59,0.183,489.49,3,Cooling,31,ANAEROBIC_RISK
rdg-cmpiq-smk-esp32-01-0073,site-smk-lombok-01,bin-smk-aerated-01,cmpiq-smk-esp32-01,batch-2026-08-aerated-c,2026-09-05T04:00:00Z,73,aerated_static_pile,34.63,49.11,20.44,1.04,0.193,145.07,4,Maturation,30,
rdg-cmpiq-smk-esp32-01-0074,site-smk-lombok-01,bin-smk-aerated-01,cmpiq-smk-esp32-01,batch-2026-08-aerated-c,2026-09-05T10:00:00Z,74,aerated_static_pile,34.14,48.27,19.89,0.05,0.185,125.11,4,Maturation,30,
rdg-cmpiq-smk-esp32-01-0075,site-smk-lombok-01,bin-smk-aerated-01,cmpiq-smk-esp32-01,batch-2026-08-aerated-c,2026-09-05T16:00:00Z,75,aerated_static_pile,31.77,50.75,18.7,0.04,0.168,110.41,4,Maturation,30,
rdg-cmpiq-smk-esp32-01-0076,site-smk-lombok-01,bin-smk-aerated-01,cmpiq-smk-esp32-01,batch-2026-08-aerated-c,2026-09-05T22:00:00Z,76,aerated_static_pile,30.87,49.68,20.28,0.15,0.177,102.79,4,Maturation,30,
rdg-cmpiq-smk-esp32-01-0077,site-smk-lombok-01,bin-smk-aerated-01,cmpiq-smk-esp32-01,batch-2026-08-aerated-c,2026-09-06T04:00:00Z,77,aerated_static_pile,32.38,50.36,20.42,0.81,0.125,124.02,4,Maturation,29,
rdg-cmpiq-smk-esp32-01-0078,site-smk-lombok-01,bin-smk-aerated-01,cmpiq-smk-esp32-01,batch-2026-08-aerated-c,2026-09-06T10:00:00Z,78,aerated_static_pile,33.07,47.81,19.48,0.28,0.1,91.7,4,Maturation,29,
rdg-cmpiq-smk-esp32-01-0079,site-smk-lombok-01,bin-smk-aerated-01,cmpiq-smk-esp32-01,batch-2026-08-aerated-c,2026-09-06T16:00:00Z,79,aerated_static_pile,31.83,52.67,19.56,0.66,0.154,111.75,4,Maturation,29,
rdg-cmpiq-smk-esp32-01-0080,site-smk-lombok-01,bin-smk-aerated-01,cmpiq-smk-esp32-01,batch-2026-08-aerated-c,2026-09-06T22:00:00Z,80,aerated_static_pile,32.75,51.36,20.38,1.2,0.175,145.88,4,Maturation,29,
rdg-cmpiq-smk-esp32-01-0081,site-smk-lombok-01,bin-smk-aerated-01,cmpiq-smk-esp32-01,batch-2026-08-aerated-c,2026-09-07T04:00:00Z,81,aerated_static_pile,30.43,44.37,18.13,0.1,0.184,93.3,4,Maturation,28,
rdg-cmpiq-smk-esp32-01-0082,site-smk-lombok-01,bin-smk-aerated-01,cmpiq-smk-esp32-01,batch-2026-08-aerated-c,2026-09-07T10:00:00Z,82,aerated_static_pile,31.41,50.56,20.0,0.36,0.188,118.25,4,Maturation,28,
rdg-cmpiq-smk-esp32-01-0083,site-smk-lombok-01,bin-smk-aerated-01,cmpiq-smk-esp32-01,batch-2026-08-aerated-c,2026-09-07T16:00:00Z,83,aerated_static_pile,31.19,48.35,19.55,0.92,0.136,95.4,4,Maturation,28,
rdg-cmpiq-smk-esp32-01-0084,site-smk-lombok-01,bin-smk-aerated-01,cmpiq-smk-esp32-01,batch-2026-08-aerated-c,2026-09-07T22:00:00Z,84,aerated_static_pile,30.83,49.31,18.47,0.1,0.12,82.51,4,Maturation,28,
rdg-cmpiq-smk-esp32-01-0085,site-smk-lombok-01,bin-smk-aerated-01,cmpiq-smk-esp32-01,batch-2026-08-aerated-c,2026-09-08T04:00:00Z,85,aerated_static_pile,33.51,51.92,18.96,0.66,0.161,130.56,4,Maturation,27,
rdg-cmpiq-smk-esp32-01-0086,site-smk-lombok-01,bin-smk-aerated-01,cmpiq-smk-esp32-01,batch-2026-08-aerated-c,2026-09-08T10:00:00Z,86,aerated_static_pile,31.26,46.79,18.35,0.22,0.269,125.38,4,Maturation,27,
rdg-cmpiq-smk-esp32-01-0087,site-smk-lombok-01,bin-smk-aerated-01,cmpiq-smk-esp32-01,batch-2026-08-aerated-c,2026-09-08T16:00:00Z,87,aerated_static_pile,32.4,46.23,18.95,0.88,0.092,122.52,4,Maturation,27,
rdg-cmpiq-smk-esp32-01-0088,site-smk-lombok-01,bin-smk-aerated-01,cmpiq-smk-esp32-01,batch-2026-08-aerated-c,2026-09-08T22:00:00Z,88,aerated_static_pile,30.01,51.9,18.65,1.05,0.091,134.75,4,Maturation,27,
rdg-cmpiq-smk-esp32-01-0089,site-smk-lombok-01,bin-smk-aerated-01,cmpiq-smk-esp32-01,batch-2026-08-aerated-c,2026-09-09T04:00:00Z,89,aerated_static_pile,30.64,49.1,19.4,0.66,0.096,74.98,4,Maturation,26,
rdg-cmpiq-smk-esp32-01-0090,site-smk-lombok-01,bin-smk-aerated-01,cmpiq-smk-esp32-01,batch-2026-08-aerated-c,2026-09-09T10:00:00Z,90,aerated_static_pile,30.3,42.36,17.92,0.68,0.14,113.73,4,Maturation,26,
rdg-cmpiq-smk-esp32-01-0091,site-smk-lombok-01,bin-smk-aerated-01,cmpiq-smk-esp32-01,batch-2026-08-aerated-c,2026-09-09T16:00:00Z,91,aerated_static_pile,30.81,50.46,18.77,0.2,0.121,120.37,4,Maturation,26,
rdg-cmpiq-smk-esp32-01-0092,site-smk-lombok-01,bin-smk-aerated-01,cmpiq-smk-esp32-01,batch-2026-08-aerated-c,2026-09-09T22:00:00Z,92,aerated_static_pile,29.31,45.88,18.65,0.72,0.1,120.38,4,Maturation,26,
rdg-cmpiq-smk-esp32-01-0093,site-smk-lombok-01,bin-smk-aerated-01,cmpiq-smk-esp32-01,batch-2026-08-aerated-c,2026-09-10T04:00:00Z,93,aerated_static_pile,31.47,47.84,18.77,1.03,0.172,128.91,4,Maturation,25,
rdg-cmpiq-smk-esp32-01-0094,site-smk-lombok-01,bin-smk-aerated-01,cmpiq-smk-esp32-01,batch-2026-08-aerated-c,2026-09-10T10:00:00Z,94,aerated_static_pile,32.63,48.72,18.15,0.98,0.103,125.76,4,Maturation,25,
rdg-cmpiq-smk-esp32-01-0095,site-smk-lombok-01,bin-smk-aerated-01,cmpiq-smk-esp32-01,batch-2026-08-aerated-c,2026-09-10T16:00:00Z,95,aerated_static_pile,33.11,49.92,19.19,0.33,0.137,99.47,4,Maturation,25,
rdg-cmpiq-smk-esp32-01-0096,site-smk-lombok-01,bin-smk-aerated-01,cmpiq-smk-esp32-01,batch-2026-08-aerated-c,2026-09-10T22:00:00Z,96,aerated_static_pile,28.92,46.17,18.74,1.19,0.081,178.13,4,Maturation,25,
rdg-cmpiq-smk-esp32-01-0097,site-smk-lombok-01,bin-smk-aerated-01,cmpiq-smk-esp32-01,batch-2026-08-aerated-c,2026-09-11T04:00:00Z,97,aerated_static_pile,31.35,46.45,18.53,0.12,0.098,88.12,4,Maturation,24,
rdg-cmpiq-smk-esp32-01-0098,site-smk-lombok-01,bin-smk-aerated-01,cmpiq-smk-esp32-01,batch-2026-08-aerated-c,2026-09-11T10:00:00Z,98,aerated_static_pile,30.6,47.08,19.11,0.95,0.117,133.58,4,Maturation,24,
rdg-cmpiq-smk-esp32-01-0099,site-smk-lombok-01,bin-smk-aerated-01,cmpiq-smk-esp32-01,batch-2026-08-aerated-c,2026-09-11T16:00:00Z,99,aerated_static_pile,31.36,49.44,18.77,0.14,0.088,75.28,4,Maturation,24,
rdg-cmpiq-smk-esp32-01-0100,site-smk-lombok-01,bin-smk-aerated-01,cmpiq-smk-esp32-01,batch-2026-08-aerated-c,2026-09-11T22:00:00Z,100,aerated_static_pile,29.87,50.21,19.74,1.18,0.089,157.08,4,Maturation,24,
rdg-cmpiq-smk-esp32-01-0101,site-smk-lombok-01,bin-smk-aerated-01,cmpiq-smk-esp32-01,batch-2026-08-aerated-c,2026-09-12T04:00:00Z,101,aerated_static_pile,32.02,47.55,18.02,0.27,0.067,92.13,4,Maturation,23,
rdg-cmpiq-smk-esp32-01-0102,site-smk-lombok-01,bin-smk-aerated-01,cmpiq-smk-esp32-01,batch-2026-08-aerated-c,2026-09-12T10:00:00Z,102,aerated_static_pile,30.11,48.34,18.38,1.32,0.107,137.3,4,Maturation,23,
rdg-cmpiq-smk-esp32-01-0103,site-smk-lombok-01,bin-smk-aerated-01,cmpiq-smk-esp32-01,batch-2026-08-aerated-c,2026-09-12T16:00:00Z,103,aerated_static_pile,30.17,48.66,17.41,0.91,0.156,117.54,4,Maturation,23,
rdg-cmpiq-smk-esp32-01-0104,site-smk-lombok-01,bin-smk-aerated-01,cmpiq-smk-esp32-01,batch-2026-08-aerated-c,2026-09-12T22:00:00Z,104,aerated_static_pile,32.4,46.98,17.8,0.64,0.114,85.19,4,Maturation,23,
rdg-cmpiq-smk-esp32-01-0105,site-smk-lombok-01,bin-smk-aerated-01,cmpiq-smk-esp32-01,batch-2026-08-aerated-c,2026-09-13T04:00:00Z,105,aerated_static_pile,35.21,47.75,17.41,0.89,0.097,126.6,4,Maturation,22,
rdg-cmpiq-smk-esp32-01-0106,site-smk-lombok-01,bin-smk-aerated-01,cmpiq-smk-esp32-01,batch-2026-08-aerated-c,2026-09-13T10:00:00Z,106,aerated_static_pile,26.81,49.02,18.22,0.94,0.131,130.55,4,Maturation,22,
rdg-cmpiq-smk-esp32-01-0107,site-smk-lombok-01,bin-smk-aerated-01,cmpiq-smk-esp32-01,batch-2026-08-aerated-c,2026-09-13T16:00:00Z,107,aerated_static_pile,32.88,46.86,18.87,0.85,0.13,107.36,4,Maturation,22,
rdg-cmpiq-smk-esp32-01-0108,site-smk-lombok-01,bin-smk-aerated-01,cmpiq-smk-esp32-01,batch-2026-08-aerated-c,2026-09-13T22:00:00Z,108,aerated_static_pile,31.21,48.52,17.82,0.92,0.105,122.36,4,Maturation,22,
rdg-cmpiq-smk-esp32-01-0109,site-smk-lombok-01,bin-smk-aerated-01,cmpiq-smk-esp32-01,batch-2026-08-aerated-c,2026-09-14T04:00:00Z,109,aerated_static_pile,31.24,46.87,17.61,0.63,0.037,136.39,4,Maturation,21,
rdg-cmpiq-smk-esp32-01-0110,site-smk-lombok-01,bin-smk-aerated-01,cmpiq-smk-esp32-01,batch-2026-08-aerated-c,2026-09-14T10:00:00Z,110,aerated_static_pile,30.66,47.24,17.03,0.83,0.0,106.67,4,Maturation,21,
rdg-cmpiq-smk-esp32-01-0111,site-smk-lombok-01,bin-smk-aerated-01,cmpiq-smk-esp32-01,batch-2026-08-aerated-c,2026-09-14T16:00:00Z,111,aerated_static_pile,30.39,47.83,17.95,0.93,0.138,131.19,4,Maturation,21,
rdg-cmpiq-smk-esp32-01-0112,site-smk-lombok-01,bin-smk-aerated-01,cmpiq-smk-esp32-01,batch-2026-08-aerated-c,2026-09-14T22:00:00Z,112,aerated_static_pile,29.38,45.31,18.37,1.08,0.083,112.83,4,Maturation,21,
rdg-cmpiq-smk-esp32-01-0113,site-smk-lombok-01,bin-smk-aerated-01,cmpiq-smk-esp32-01,batch-2026-08-aerated-c,2026-09-15T04:00:00Z,113,aerated_static_pile,30.61,45.01,17.2,1.36,0.082,137.95,4,Maturation,20,
rdg-cmpiq-smk-esp32-01-0114,site-smk-lombok-01,bin-smk-aerated-01,cmpiq-smk-esp32-01,batch-2026-08-aerated-c,2026-09-15T10:00:00Z,114,aerated_static_pile,30.25,48.38,16.82,1.04,0.05,111.2,4,Maturation,20,
rdg-cmpiq-smk-esp32-01-0115,site-smk-lombok-01,bin-smk-aerated-01,cmpiq-smk-esp32-01,batch-2026-08-aerated-c,2026-09-15T16:00:00Z,115,aerated_static_pile,32.14,45.78,16.61,0.64,0.105,133.43,4,Maturation,20,
rdg-cmpiq-smk-esp32-01-0116,site-smk-lombok-01,bin-smk-aerated-01,cmpiq-smk-esp32-01,batch-2026-08-aerated-c,2026-09-15T22:00:00Z,116,aerated_static_pile,32.94,44.55,17.25,0.75,0.1,116.86,4,Maturation,20,
rdg-cmpiq-smk-esp32-01-0117,site-smk-lombok-01,bin-smk-aerated-01,cmpiq-smk-esp32-01,batch-2026-08-aerated-c,2026-09-16T04:00:00Z,117,aerated_static_pile,30.49,43.7,16.73,1.05,0.031,137.69,4,Maturation,19,
rdg-cmpiq-smk-esp32-01-0118,site-smk-lombok-01,bin-smk-aerated-01,cmpiq-smk-esp32-01,batch-2026-08-aerated-c,2026-09-16T10:00:00Z,118,aerated_static_pile,29.05,47.74,17.25,1.1,0.134,160.37,4,Maturation,19,
rdg-cmpiq-smk-esp32-01-0119,site-smk-lombok-01,bin-smk-aerated-01,cmpiq-smk-esp32-01,batch-2026-08-aerated-c,2026-09-16T16:00:00Z,119,aerated_static_pile,29.82,47.17,17.08,0.81,0.089,99.38,4,Maturation,19,
rdg-cmpiq-smk-esp32-01-0120,site-smk-lombok-01,bin-smk-aerated-01,cmpiq-smk-esp32-01,batch-2026-08-aerated-c,2026-09-16T22:00:00Z,120,aerated_static_pile,29.09,46.19,17.67,0.74,0.088,118.43,4,Maturation,19,
rdg-cmpiq-smk-esp32-01-0121,site-smk-lombok-01,bin-smk-aerated-01,cmpiq-smk-esp32-01,batch-2026-08-aerated-c,2026-09-17T04:00:00Z,121,aerated_static_pile,26.33,43.13,16.7,0.8,0.11,111.65,4,Maturation,18,
rdg-cmpiq-smk-esp32-01-0122,site-smk-lombok-01,bin-smk-aerated-01,cmpiq-smk-esp32-01,batch-2026-08-aerated-c,2026-09-17T10:00:00Z,122,aerated_static_pile,30.93,45.96,17.77,1.0,0.045,127.69,4,Maturation,18,
rdg-cmpiq-smk-esp32-01-0123,site-smk-lombok-01,bin-smk-aerated-01,cmpiq-smk-esp32-01,batch-2026-08-aerated-c,2026-09-17T16:00:00Z,123,aerated_static_pile,31.6,45.6,16.48,0.88,0.051,134.12,4,Maturation,18,
rdg-cmpiq-smk-esp32-01-0124,site-smk-lombok-01,bin-smk-aerated-01,cmpiq-smk-esp32-01,batch-2026-08-aerated-c,2026-09-17T22:00:00Z,124,aerated_static_pile,30.57,47.71,16.83,0.86,0.119,116.54,4,Maturation,18,
rdg-cmpiq-smk-esp32-01-0125,site-smk-lombok-01,bin-smk-aerated-01,cmpiq-smk-esp32-01,batch-2026-08-aerated-c,2026-09-18T04:00:00Z,125,aerated_static_pile,28.69,46.26,15.78,1.73,0.067,135.27,4,Maturation,17,
rdg-cmpiq-smk-esp32-01-0126,site-smk-lombok-01,bin-smk-aerated-01,cmpiq-smk-esp32-01,batch-2026-08-aerated-c,2026-09-18T10:00:00Z,126,aerated_static_pile,30.64,46.16,16.69,1.09,0.08,92.28,4,Maturation,17,
rdg-cmpiq-smk-esp32-01-0127,site-smk-lombok-01,bin-smk-aerated-01,cmpiq-smk-esp32-01,batch-2026-08-aerated-c,2026-09-18T16:00:00Z,127,aerated_static_pile,31.84,48.41,16.74,0.95,0.077,88.03,4,Maturation,17,
rdg-cmpiq-smk-esp32-01-0128,site-smk-lombok-01,bin-smk-aerated-01,cmpiq-smk-esp32-01,batch-2026-08-aerated-c,2026-09-18T22:00:00Z,128,aerated_static_pile,32.63,42.56,16.07,1.07,0.07,103.97,4,Maturation,17,
rdg-cmpiq-smk-esp32-01-0129,site-smk-lombok-01,bin-smk-aerated-01,cmpiq-smk-esp32-01,batch-2026-08-aerated-c,2026-09-19T04:00:00Z,129,aerated_static_pile,30.87,42.57,16.31,1.09,0.013,109.37,4,Maturation,16,
rdg-cmpiq-smk-esp32-01-0130,site-smk-lombok-01,bin-smk-aerated-01,cmpiq-smk-esp32-01,batch-2026-08-aerated-c,2026-09-19T10:00:00Z,130,aerated_static_pile,29.95,44.36,15.67,1.47,0.1,118.97,4,Maturation,16,
rdg-cmpiq-smk-esp32-01-0131,site-smk-lombok-01,bin-smk-aerated-01,cmpiq-smk-esp32-01,batch-2026-08-aerated-c,2026-09-19T16:00:00Z,131,aerated_static_pile,28.94,44.77,16.93,1.33,0.086,140.26,4,Maturation,16,
rdg-cmpiq-smk-esp32-01-0132,site-smk-lombok-01,bin-smk-aerated-01,cmpiq-smk-esp32-01,batch-2026-08-aerated-c,2026-09-19T22:00:00Z,132,aerated_static_pile,30.19,43.28,15.36,0.77,0.082,61.37,4,Maturation,16,
rdg-cmpiq-smk-esp32-01-0133,site-smk-lombok-01,bin-smk-aerated-01,cmpiq-smk-esp32-01,batch-2026-08-aerated-c,2026-09-20T04:00:00Z,133,aerated_static_pile,32.48,44.05,16.23,1.17,0.061,147.49,4,Maturation,15,
rdg-cmpiq-smk-esp32-01-0134,site-smk-lombok-01,bin-smk-aerated-01,cmpiq-smk-esp32-01,batch-2026-08-aerated-c,2026-09-20T10:00:00Z,134,aerated_static_pile,29.38,41.59,15.7,1.68,0.11,155.43,4,Maturation,15,
rdg-cmpiq-smk-esp32-01-0135,site-smk-lombok-01,bin-smk-aerated-01,cmpiq-smk-esp32-01,batch-2026-08-aerated-c,2026-09-20T16:00:00Z,135,aerated_static_pile,28.37,43.5,16.07,1.52,0.032,136.81,4,Maturation,15,
rdg-cmpiq-smk-esp32-01-0136,site-smk-lombok-01,bin-smk-aerated-01,cmpiq-smk-esp32-01,batch-2026-08-aerated-c,2026-09-20T22:00:00Z,136,aerated_static_pile,31.58,46.05,15.98,1.77,0.047,133.8,4,Maturation,15,
rdg-cmpiq-smk-esp32-01-0137,site-smk-lombok-01,bin-smk-aerated-01,cmpiq-smk-esp32-01,batch-2026-08-aerated-c,2026-09-21T04:00:00Z,137,aerated_static_pile,31.31,44.2,15.84,1.38,0.079,111.77,4,Maturation,14,
rdg-cmpiq-smk-esp32-01-0138,site-smk-lombok-01,bin-smk-aerated-01,cmpiq-smk-esp32-01,batch-2026-08-aerated-c,2026-09-21T10:00:00Z,138,aerated_static_pile,30.35,43.25,14.8,1.31,0.107,127.32,4,Maturation,14,
rdg-cmpiq-smk-esp32-01-0139,site-smk-lombok-01,bin-smk-aerated-01,cmpiq-smk-esp32-01,batch-2026-08-aerated-c,2026-09-21T16:00:00Z,139,aerated_static_pile,30.08,43.83,15.52,1.8,0.0,121.8,4,Maturation,14,
rdg-cmpiq-smk-esp32-01-0140,site-smk-lombok-01,bin-smk-aerated-01,cmpiq-smk-esp32-01,batch-2026-08-aerated-c,2026-09-21T22:00:00Z,140,aerated_static_pile,28.81,44.52,15.74,1.92,0.131,163.28,4,Maturation,14,
rdg-cmpiq-smk-esp32-01-0141,site-smk-lombok-01,bin-smk-aerated-01,cmpiq-smk-esp32-01,batch-2026-08-aerated-c,2026-09-22T04:00:00Z,141,aerated_static_pile,29.35,45.11,15.16,1.26,0.185,175.97,4,Maturation,13,
rdg-cmpiq-smk-esp32-01-0142,site-smk-lombok-01,bin-smk-aerated-01,cmpiq-smk-esp32-01,batch-2026-08-aerated-c,2026-09-22T10:00:00Z,142,aerated_static_pile,32.57,48.49,14.5,1.12,0.0,61.09,4,Maturation,13,
rdg-cmpiq-smk-esp32-01-0143,site-smk-lombok-01,bin-smk-aerated-01,cmpiq-smk-esp32-01,batch-2026-08-aerated-c,2026-09-22T16:00:00Z,143,aerated_static_pile,31.75,44.86,15.16,1.58,0.096,154.38,4,Maturation,13,
rdg-cmpiq-smk-esp32-01-0144,site-smk-lombok-01,bin-smk-aerated-01,cmpiq-smk-esp32-01,batch-2026-08-aerated-c,2026-09-22T22:00:00Z,144,aerated_static_pile,28.3,44.97,14.83,2.08,0.02,131.91,4,Maturation,13,
rdg-cmpiq-smk-esp32-01-0145,site-smk-lombok-01,bin-smk-aerated-01,cmpiq-smk-esp32-01,batch-2026-08-aerated-c,2026-09-23T04:00:00Z,145,aerated_static_pile,28.95,44.48,15.35,1.51,0.054,91.04,4,Maturation,12,
rdg-cmpiq-smk-esp32-01-0146,site-smk-lombok-01,bin-smk-aerated-01,cmpiq-smk-esp32-01,batch-2026-08-aerated-c,2026-09-23T10:00:00Z,146,aerated_static_pile,28.79,41.4,14.67,1.93,0.0,94.93,4,Maturation,12,
rdg-cmpiq-smk-esp32-01-0147,site-smk-lombok-01,bin-smk-aerated-01,cmpiq-smk-esp32-01,batch-2026-08-aerated-c,2026-09-23T16:00:00Z,147,aerated_static_pile,30.31,42.29,15.3,1.25,0.024,108.64,4,Maturation,12,
rdg-cmpiq-smk-esp32-01-0148,site-smk-lombok-01,bin-smk-aerated-01,cmpiq-smk-esp32-01,batch-2026-08-aerated-c,2026-09-23T22:00:00Z,148,aerated_static_pile,27.77,42.83,15.26,1.37,0.102,142.18,4,Maturation,12,
rdg-cmpiq-smk-esp32-01-0149,site-smk-lombok-01,bin-smk-aerated-01,cmpiq-smk-esp32-01,batch-2026-08-aerated-c,2026-09-24T04:00:00Z,149,aerated_static_pile,30.78,43.93,13.43,1.79,0.055,121.77,4,Maturation,11,
rdg-cmpiq-smk-esp32-01-0150,site-smk-lombok-01,bin-smk-aerated-01,cmpiq-smk-esp32-01,batch-2026-08-aerated-c,2026-09-24T10:00:00Z,150,aerated_static_pile,29.59,41.83,14.22,0.41,0.031,98.12,4,Maturation,11,
rdg-cmpiq-smk-esp32-01-0151,site-smk-lombok-01,bin-smk-aerated-01,cmpiq-smk-esp32-01,batch-2026-08-aerated-c,2026-09-24T16:00:00Z,151,aerated_static_pile,29.4,40.43,14.84,1.24,0.037,56.58,4,Maturation,11,
rdg-cmpiq-smk-esp32-01-0152,site-smk-lombok-01,bin-smk-aerated-01,cmpiq-smk-esp32-01,batch-2026-08-aerated-c,2026-09-24T22:00:00Z,152,aerated_static_pile,31.96,44.88,14.7,1.34,0.023,99.97,4,Maturation,11,
rdg-cmpiq-smk-esp32-01-0153,site-smk-lombok-01,bin-smk-aerated-01,cmpiq-smk-esp32-01,batch-2026-08-aerated-c,2026-09-25T04:00:00Z,153,aerated_static_pile,31.85,45.96,14.26,1.77,0.145,112.31,4,Maturation,10,
rdg-cmpiq-smk-esp32-01-0154,site-smk-lombok-01,bin-smk-aerated-01,cmpiq-smk-esp32-01,batch-2026-08-aerated-c,2026-09-25T10:00:00Z,154,aerated_static_pile,29.94,42.67,13.67,1.37,0.025,106.32,4,Maturation,10,
rdg-cmpiq-smk-esp32-01-0155,site-smk-lombok-01,bin-smk-aerated-01,cmpiq-smk-esp32-01,batch-2026-08-aerated-c,2026-09-25T16:00:00Z,155,aerated_static_pile,27.07,42.51,14.11,1.16,0.08,86.88,4,Maturation,10,
rdg-cmpiq-smk-esp32-01-0156,site-smk-lombok-01,bin-smk-aerated-01,cmpiq-smk-esp32-01,batch-2026-08-aerated-c,2026-09-25T22:00:00Z,156,aerated_static_pile,30.17,40.97,14.98,1.93,0.0,123.74,4,Maturation,10,
rdg-cmpiq-smk-esp32-01-0157,site-smk-lombok-01,bin-smk-aerated-01,cmpiq-smk-esp32-01,batch-2026-08-aerated-c,2026-09-26T04:00:00Z,157,aerated_static_pile,28.21,43.33,13.4,0.85,0.024,90.29,4,Maturation,9,
rdg-cmpiq-smk-esp32-01-0158,site-smk-lombok-01,bin-smk-aerated-01,cmpiq-smk-esp32-01,batch-2026-08-aerated-c,2026-09-26T10:00:00Z,158,aerated_static_pile,29.6,43.93,14.74,1.82,0.08,148.77,4,Maturation,9,
rdg-cmpiq-smk-esp32-01-0159,site-smk-lombok-01,bin-smk-aerated-01,cmpiq-smk-esp32-01,batch-2026-08-aerated-c,2026-09-26T16:00:00Z,159,aerated_static_pile,28.43,45.64,14.15,1.49,0.118,143.71,4,Maturation,9,
rdg-cmpiq-smk-esp32-01-0160,site-smk-lombok-01,bin-smk-aerated-01,cmpiq-smk-esp32-01,batch-2026-08-aerated-c,2026-09-26T22:00:00Z,160,aerated_static_pile,28.47,42.22,13.81,1.97,0.039,114.25,4,Maturation,9,
rdg-cmpiq-smk-esp32-01-0161,site-smk-lombok-01,bin-smk-aerated-01,cmpiq-smk-esp32-01,batch-2026-08-aerated-c,2026-09-27T04:00:00Z,161,aerated_static_pile,31.09,42.97,15.02,1.4,0.043,113.28,4,Maturation,8,
rdg-cmpiq-smk-esp32-01-0162,site-smk-lombok-01,bin-smk-aerated-01,cmpiq-smk-esp32-01,batch-2026-08-aerated-c,2026-09-27T10:00:00Z,162,aerated_static_pile,26.86,42.62,14.29,1.85,0.14,182.14,4,Maturation,8,
rdg-cmpiq-smk-esp32-01-0163,site-smk-lombok-01,bin-smk-aerated-01,cmpiq-smk-esp32-01,batch-2026-08-aerated-c,2026-09-27T16:00:00Z,163,aerated_static_pile,28.14,42.84,13.76,2.06,0.096,185.36,4,Maturation,8,
rdg-cmpiq-smk-esp32-01-0164,site-smk-lombok-01,bin-smk-aerated-01,cmpiq-smk-esp32-01,batch-2026-08-aerated-c,2026-09-27T22:00:00Z,164,aerated_static_pile,28.34,44.32,13.67,2.32,0.065,185.76,4,Maturation,8,
rdg-cmpiq-smk-esp32-01-0165,site-smk-lombok-01,bin-smk-aerated-01,cmpiq-smk-esp32-01,batch-2026-08-aerated-c,2026-09-28T04:00:00Z,165,aerated_static_pile,26.51,42.28,13.49,1.84,0.006,121.8,4,Maturation,7,
rdg-cmpiq-smk-esp32-01-0166,site-smk-lombok-01,bin-smk-aerated-01,cmpiq-smk-esp32-01,batch-2026-08-aerated-c,2026-09-28T10:00:00Z,166,aerated_static_pile,27.51,42.9,14.12,1.26,0.045,92.25,4,Maturation,7,
rdg-cmpiq-smk-esp32-01-0167,site-smk-lombok-01,bin-smk-aerated-01,cmpiq-smk-esp32-01,batch-2026-08-aerated-c,2026-09-28T16:00:00Z,167,aerated_static_pile,28.28,41.81,14.26,1.27,0.0,99.83,4,Maturation,7,
rdg-cmpiq-smk-esp32-01-0168,site-smk-lombok-01,bin-smk-aerated-01,cmpiq-smk-esp32-01,batch-2026-08-aerated-c,2026-09-28T22:00:00Z,168,aerated_static_pile,27.84,42.93,13.86,1.78,0.033,125.93,4,Maturation,7,
rdg-cmpiq-smk-esp32-01-0169,site-smk-lombok-01,bin-smk-aerated-01,cmpiq-smk-esp32-01,batch-2026-08-aerated-c,2026-09-29T04:00:00Z,169,aerated_static_pile,26.11,44.59,13.8,2.02,0.007,133.23,4,Maturation,6,
rdg-cmpiq-smk-esp32-01-0170,site-smk-lombok-01,bin-smk-aerated-01,cmpiq-smk-esp32-01,batch-2026-08-aerated-c,2026-09-29T10:00:00Z,170,aerated_static_pile,27.05,41.07,13.76,1.82,0.067,132.16,4,Maturation,6,
rdg-cmpiq-smk-esp32-01-0171,site-smk-lombok-01,bin-smk-aerated-01,cmpiq-smk-esp32-01,batch-2026-08-aerated-c,2026-09-29T16:00:00Z,171,aerated_static_pile,28.83,42.59,13.99,1.36,0.091,120.84,4,Maturation,6,
rdg-cmpiq-smk-esp32-01-0172,site-smk-lombok-01,bin-smk-aerated-01,cmpiq-smk-esp32-01,batch-2026-08-aerated-c,2026-09-29T22:00:00Z,172,aerated_static_pile,28.32,40.75,13.35,1.47,0.034,139.68,4,Maturation,6,
rdg-cmpiq-smk-esp32-01-0173,site-smk-lombok-01,bin-smk-aerated-01,cmpiq-smk-esp32-01,batch-2026-08-aerated-c,2026-09-30T04:00:00Z,173,aerated_static_pile,28.19,43.94,12.62,1.91,0.047,120.3,4,Maturation,5,
rdg-cmpiq-smk-esp32-01-0174,site-smk-lombok-01,bin-smk-aerated-01,cmpiq-smk-esp32-01,batch-2026-08-aerated-c,2026-09-30T10:00:00Z,174,aerated_static_pile,29.66,39.73,13.56,1.64,0.041,150.92,4,Maturation,5,
rdg-cmpiq-smk-esp32-01-0175,site-smk-lombok-01,bin-smk-aerated-01,cmpiq-smk-esp32-01,batch-2026-08-aerated-c,2026-09-30T16:00:00Z,175,aerated_static_pile,26.99,41.27,13.89,1.19,0.013,81.04,4,Maturation,5,
rdg-cmpiq-smk-esp32-01-0176,site-smk-lombok-01,bin-smk-aerated-01,cmpiq-smk-esp32-01,batch-2026-08-aerated-c,2026-09-30T22:00:00Z,176,aerated_static_pile,27.78,38.58,13.56,1.36,0.018,122.22,4,Maturation,5,
rdg-cmpiq-smk-esp32-01-0177,site-smk-lombok-01,bin-smk-aerated-01,cmpiq-smk-esp32-01,batch-2026-08-aerated-c,2026-10-01T04:00:00Z,177,aerated_static_pile,29.22,41.87,13.0,1.89,0.01,123.63,4,Maturation,4,
rdg-cmpiq-smk-esp32-01-0178,site-smk-lombok-01,bin-smk-aerated-01,cmpiq-smk-esp32-01,batch-2026-08-aerated-c,2026-10-01T10:00:00Z,178,aerated_static_pile,30.61,39.9,13.8,1.99,0.061,163.87,4,Maturation,4,
rdg-cmpiq-smk-esp32-01-0179,site-smk-lombok-01,bin-smk-aerated-01,cmpiq-smk-esp32-01,batch-2026-08-aerated-c,2026-10-01T16:00:00Z,179,aerated_static_pile,30.04,38.8,12.91,1.77,0.02,121.58,4,Maturation,4,
rdg-cmpiq-smk-esp32-01-0180,site-smk-lombok-01,bin-smk-aerated-01,cmpiq-smk-esp32-01,batch-2026-08-aerated-c,2026-10-01T22:00:00Z,180,aerated_static_pile,30.78,41.46,13.48,2.44,0.0,132.73,4,Maturation,4,
rdg-cmpiq-smk-esp32-01-0181,site-smk-lombok-01,bin-smk-aerated-01,cmpiq-smk-esp32-01,batch-2026-08-aerated-c,2026-10-02T04:00:00Z,181,aerated_static_pile,29.27,42.8,12.15,1.28,0.003,104.3,4,Maturation,3,
rdg-cmpiq-smk-esp32-01-0182,site-smk-lombok-01,bin-smk-aerated-01,cmpiq-smk-esp32-01,batch-2026-08-aerated-c,2026-10-02T10:00:00Z,182,aerated_static_pile,28.9,42.95,12.01,1.24,0.0,59.08,4,Maturation,3,
rdg-cmpiq-smk-esp32-01-0183,site-smk-lombok-01,bin-smk-aerated-01,cmpiq-smk-esp32-01,batch-2026-08-aerated-c,2026-10-02T16:00:00Z,183,aerated_static_pile,27.9,40.29,12.23,1.46,0.019,128.8,4,Maturation,3,
rdg-cmpiq-smk-esp32-01-0184,site-smk-lombok-01,bin-smk-aerated-01,cmpiq-smk-esp32-01,batch-2026-08-aerated-c,2026-10-02T22:00:00Z,184,aerated_static_pile,26.94,37.21,13.38,2.12,0.037,147.29,4,Maturation,3,
rdg-cmpiq-smk-esp32-01-0185,site-smk-lombok-01,bin-smk-aerated-01,cmpiq-smk-esp32-01,batch-2026-08-aerated-c,2026-10-03T04:00:00Z,185,aerated_static_pile,26.61,35.89,11.73,1.97,0.0,132.49,4,Maturation,2,
rdg-cmpiq-smk-esp32-01-0186,site-smk-lombok-01,bin-smk-aerated-01,cmpiq-smk-esp32-01,batch-2026-08-aerated-c,2026-10-03T10:00:00Z,186,aerated_static_pile,27.73,40.52,13.54,1.88,0.035,132.97,4,Maturation,2,
rdg-cmpiq-smk-esp32-01-0187,site-smk-lombok-01,bin-smk-aerated-01,cmpiq-smk-esp32-01,batch-2026-08-aerated-c,2026-10-03T16:00:00Z,187,aerated_static_pile,27.98,43.75,12.4,1.41,0.016,161.86,4,Maturation,2,
rdg-cmpiq-smk-esp32-01-0188,site-smk-lombok-01,bin-smk-aerated-01,cmpiq-smk-esp32-01,batch-2026-08-aerated-c,2026-10-03T22:00:00Z,188,aerated_static_pile,29.07,40.51,11.51,1.77,0.009,92.03,4,Maturation,2,
rdg-cmpiq-smk-esp32-01-0189,site-smk-lombok-01,bin-smk-aerated-01,cmpiq-smk-esp32-01,batch-2026-08-aerated-c,2026-10-04T04:00:00Z,189,aerated_static_pile,29.24,40.73,12.67,1.38,0.0,73.06,4,Maturation,1,
rdg-cmpiq-smk-esp32-01-0190,site-smk-lombok-01,bin-smk-aerated-01,cmpiq-smk-esp32-01,batch-2026-08-aerated-c,2026-10-04T10:00:00Z,190,aerated_static_pile,30.08,39.39,12.12,2.21,0.0,130.75,4,Maturation,1,
rdg-cmpiq-smk-esp32-01-0191,site-smk-lombok-01,bin-smk-aerated-01,cmpiq-smk-esp32-01,batch-2026-08-aerated-c,2026-10-04T16:00:00Z,191,aerated_static_pile,28.21,42.62,11.33,1.86,0.0,82.89,4,Maturation,1,
rdg-cmpiq-smk-esp32-01-0192,site-smk-lombok-01,bin-smk-aerated-01,cmpiq-smk-esp32-01,batch-2026-08-aerated-c,2026-10-04T22:00:00Z,192,aerated_static_pile,24.68,41.84,11.21,2.16,0.007,157.19,4,Maturation,1,
